Best Full Bound,Test Error,Train Error,Norm Squared U,Norm Squared V,Number Parameters,Best Prior Bound,Best Prior Sigma U,Best Prior Sigma V,Stochastic Bnd Loss,Stochastic Test Loss,Beta,Step Size,Layer Width,Batch Size,Momentum,CE Stopping Value,Prior Examples,Dataset,Model Type,Sigma 2 Grid,Sigma 1 Grid,Init Key,KL Extra
1.0382771,0.1426,0.12374997,213.84792,92.34247,39700,0.7930614,0.0,0.11,0.26004165,0.2759,5.0,0.1,50,200,0.9,0.3,36000,fashion,SHEL,"(0.05, 0.06, 0.07, 0.08, 0.09, 0.1, 0.11, 0.12, 0.13, 0.14, 0.15, 0.16, 0.17, 0.18, 0.19, 0.2)","(0.0,)",6,64000
1.0443114,0.15210003,0.13461667,157.57727,70.41877,79400,0.78008735,0.0,0.08,0.2755,0.28869998,5.0,0.1,100,200,0.9,0.3,36000,fashion,SHEL,"(0.05, 0.06, 0.07, 0.08, 0.09, 0.1, 0.11, 0.12, 0.13, 0.14, 0.15, 0.16, 0.17, 0.18, 0.19, 0.2)","(0.0,)",6,64000
1.1060114,0.15100002,0.13384998,174.73946,73.6099,158800,0.86628854,0.0,0.07,0.27358332,0.29799998,5.0,0.1,200,200,0.9,0.3,36000,fashion,SHEL,"(0.05, 0.06, 0.07, 0.08, 0.09, 0.1, 0.11, 0.12, 0.13, 0.14, 0.15, 0.16, 0.17, 0.18, 0.19, 0.2)","(0.0,)",6,64000
1.2434362,0.15830004,0.1367833,226.4461,91.099396,317600,0.977532,0.0,0.07,0.30054167,0.313,5.0,0.1,400,200,0.9,0.3,36000,fashion,SHEL,"(0.05, 0.06, 0.07, 0.08, 0.09, 0.1, 0.11, 0.12, 0.13, 0.14, 0.15, 0.16, 0.17, 0.18, 0.19, 0.2)","(0.0,)",6,64000
1.3183928,0.1559,0.13664997,173.53156,100.32157,635200,1.0390134,0.0,0.06,0.31595832,0.33139998,5.0,0.1,800,200,0.9,0.3,36000,fashion,SHEL,"(0.05, 0.06, 0.07, 0.08, 0.09, 0.1, 0.11, 0.12, 0.13, 0.14, 0.15, 0.16, 0.17, 0.18, 0.19, 0.2)","(0.0,)",6,64000
1.541013,0.16230005,0.1375333,260.72238,174.51874,1270400,1.2412258,0.0,0.06,0.34408334,0.359,5.0,0.1,1600,200,0.9,0.3,36000,fashion,SHEL,"(0.05, 0.06, 0.07, 0.08, 0.09, 0.1, 0.11, 0.12, 0.13, 0.14, 0.15, 0.16, 0.17, 0.18, 0.19, 0.2)","(0.0,)",6,64000
1.0121683,0.14610004,0.12889999,106.49223,73.20198,39700,0.7711002,0.0,0.06,0.29929167,0.3132,5.0,0.03,50,200,0.9,0.3,36000,fashion,SHEL,"(0.05, 0.06, 0.07, 0.08, 0.09, 0.1, 0.11, 0.12, 0.13, 0.14, 0.15, 0.16, 0.17, 0.18, 0.19, 0.2)","(0.0,)",6,64000
1.0295595,0.14710003,0.12895,98.55529,63.319416,79400,0.7624168,0.0,0.06,0.29425,0.3125,5.0,0.03,100,200,0.9,0.3,36000,fashion,SHEL,"(0.05, 0.06, 0.07, 0.08, 0.09, 0.1, 0.11, 0.12, 0.13, 0.14, 0.15, 0.16, 0.17, 0.18, 0.19, 0.2)","(0.0,)",6,64000
1.0574862,0.15280002,0.13511664,84.4878,53.993706,158800,0.7898996,0.0,0.07,0.31308332,0.3193,5.0,0.03,200,200,0.9,0.3,36000,fashion,SHEL,"(0.05, 0.06, 0.07, 0.08, 0.09, 0.1, 0.11, 0.12, 0.13, 0.14, 0.15, 0.16, 0.17, 0.18, 0.19, 0.2)","(0.0,)",6,64000
1.1080904,0.15600002,0.13765001,72.32129,46.085266,317600,0.8684876,0.0,0.07,0.3335,0.35169998,5.0,0.03,400,200,0.9,0.3,36000,fashion,SHEL,"(0.05, 0.06, 0.07, 0.08, 0.09, 0.1, 0.11, 0.12, 0.13, 0.14, 0.15, 0.16, 0.17, 0.18, 0.19, 0.2)","(0.0,)",6,64000
1.2179343,0.15180004,0.12865001,74.513664,49.02435,635200,0.9908898,0.0,0.07,0.37274998,0.3929,5.0,0.03,800,200,0.9,0.3,36000,fashion,SHEL,"(0.05, 0.06, 0.07, 0.08, 0.09, 0.1, 0.11, 0.12, 0.13, 0.14, 0.15, 0.16, 0.17, 0.18, 0.19, 0.2)","(0.0,)",6,64000
1.3701502,0.1692,0.14254999,91.06254,60.241962,1270400,1.1693679,0.0,0.07,0.43054166,0.4299,5.0,0.03,1600,200,0.9,0.3,36000,fashion,SHEL,"(0.05, 0.06, 0.07, 0.08, 0.09, 0.1, 0.11, 0.12, 0.13, 0.14, 0.15, 0.16, 0.17, 0.18, 0.19, 0.2)","(0.0,)",6,64000
1.0296348,0.14810002,0.12748331,97.765686,74.738174,39700,0.7680367,0.0,0.11,0.319125,0.3322,5.0,0.01,50,200,0.9,0.3,36000,fashion,SHEL,"(0.05, 0.06, 0.07, 0.08, 0.09, 0.1, 0.11, 0.12, 0.13, 0.14, 0.15, 0.16, 0.17, 0.18, 0.19, 0.2)","(0.0,)",6,64000
1.0400329,0.1476,0.12953335,83.0156,60.608555,79400,0.77129585,0.0,0.07,0.31554165,0.3295,5.0,0.01,100,200,0.9,0.3,36000,fashion,SHEL,"(0.05, 0.06, 0.07, 0.08, 0.09, 0.1, 0.11, 0.12, 0.13, 0.14, 0.15, 0.16, 0.17, 0.18, 0.19, 0.2)","(0.0,)",6,64000
1.079139,0.14790004,0.12949997,67.312195,50.224384,158800,0.8110586,0.0,0.07,0.34025,0.3403,5.0,0.01,200,200,0.9,0.3,36000,fashion,SHEL,"(0.05, 0.06, 0.07, 0.08, 0.09, 0.1, 0.11, 0.12, 0.13, 0.14, 0.15, 0.16, 0.17, 0.18, 0.19, 0.2)","(0.0,)",6,64000
1.099792,0.15030003,0.13261664,43.437267,32.64367,317600,0.86767876,0.0,0.07,0.3665,0.3757,5.0,0.01,400,200,0.9,0.3,36000,fashion,SHEL,"(0.05, 0.06, 0.07, 0.08, 0.09, 0.1, 0.11, 0.12, 0.13, 0.14, 0.15, 0.16, 0.17, 0.18, 0.19, 0.2)","(0.0,)",6,64000
1.1736064,0.15170002,0.13211668,34.950783,25.83702,635200,0.9465202,0.0,0.05,0.3915,0.4015,5.0,0.01,800,200,0.9,0.3,36000,fashion,SHEL,"(0.05, 0.06, 0.07, 0.08, 0.09, 0.1, 0.11, 0.12, 0.13, 0.14, 0.15, 0.16, 0.17, 0.18, 0.19, 0.2)","(0.0,)",6,64000
1.2751235,0.15670002,0.13866663,32.005875,22.28516,1270400,1.0906385,0.0,0.05,0.446,0.44509998,5.0,0.01,1600,200,0.9,0.3,36000,fashion,SHEL,"(0.05, 0.06, 0.07, 0.08, 0.09, 0.1, 0.11, 0.12, 0.13, 0.14, 0.15, 0.16, 0.17, 0.18, 0.19, 0.2)","(0.0,)",6,64000
1.032873,0.14720005,0.12771666,90.769264,73.24291,39700,0.768634,0.0,0.09,0.32258332,0.3399,5.0,0.003,50,200,0.9,0.3,36000,fashion,SHEL,"(0.05, 0.06, 0.07, 0.08, 0.09, 0.1, 0.11, 0.12, 0.13, 0.14, 0.15, 0.16, 0.17, 0.18, 0.19, 0.2)","(0.0,)",6,64000
1.042912,0.14780003,0.12891668,77.16905,59.28969,79400,0.7736553,0.0,0.07,0.32054165,0.32549998,5.0,0.003,100,200,0.9,0.3,36000,fashion,SHEL,"(0.05, 0.06, 0.07, 0.08, 0.09, 0.1, 0.11, 0.12, 0.13, 0.14, 0.15, 0.16, 0.17, 0.18, 0.19, 0.2)","(0.0,)",6,64000
1.0856086,0.14810002,0.12798333,64.629456,50.241344,158800,0.8205055,0.0,0.07,0.33733332,0.35999998,5.0,0.003,200,200,0.9,0.3,36000,fashion,SHEL,"(0.05, 0.06, 0.07, 0.08, 0.09, 0.1, 0.11, 0.12, 0.13, 0.14, 0.15, 0.16, 0.17, 0.18, 0.19, 0.2)","(0.0,)",6,64000
1.1047689,0.15040004,0.13271666,41.253647,31.757935,317600,0.8673304,0.0,0.06,0.36229166,0.37579998,5.0,0.003,400,200,0.9,0.3,36000,fashion,SHEL,"(0.05, 0.06, 0.07, 0.08, 0.09, 0.1, 0.11, 0.12, 0.13, 0.14, 0.15, 0.16, 0.17, 0.18, 0.19, 0.2)","(0.0,)",6,64000
1.1844587,0.14920002,0.1304,33.583668,25.037598,635200,0.95691794,0.0,0.05,0.3945833,0.40609998,5.0,0.003,800,200,0.9,0.3,36000,fashion,SHEL,"(0.05, 0.06, 0.07, 0.08, 0.09, 0.1, 0.11, 0.12, 0.13, 0.14, 0.15, 0.16, 0.17, 0.18, 0.19, 0.2)","(0.0,)",6,64000
1.2652798,0.15420002,0.13174999,20.120201,14.730607,1270400,1.0818621,0.0,0.05,0.46895832,0.4899,5.0,0.003,1600,200,0.9,0.3,36000,fashion,SHEL,"(0.05, 0.06, 0.07, 0.08, 0.09, 0.1, 0.11, 0.12, 0.13, 0.14, 0.15, 0.16, 0.17, 0.18, 0.19, 0.2)","(0.0,)",6,64000
1.0299621,0.1462,0.12861663,86.29352,71.25029,39700,0.7700819,0.0,0.09,0.32504165,0.34939998,5.0,0.001,50,200,0.9,0.3,36000,fashion,SHEL,"(0.05, 0.06, 0.07, 0.08, 0.09, 0.1, 0.11, 0.12, 0.13, 0.14, 0.15, 0.16, 0.17, 0.18, 0.19, 0.2)","(0.0,)",6,64000
1.0389156,0.14820004,0.12965,72.898994,57.22155,79400,0.78357023,0.0,0.05,0.32058334,0.3293,5.0,0.001,100,200,0.9,0.3,36000,fashion,SHEL,"(0.05, 0.06, 0.07, 0.08, 0.09, 0.1, 0.11, 0.12, 0.13, 0.14, 0.15, 0.16, 0.17, 0.18, 0.19, 0.2)","(0.0,)",6,64000
1.0806494,0.14840001,0.12843335,60.73934,48.138294,158800,0.8159686,0.0,0.06,0.34120834,0.3488,5.0,0.001,200,200,0.9,0.3,36000,fashion,SHEL,"(0.05, 0.06, 0.07, 0.08, 0.09, 0.1, 0.11, 0.12, 0.13, 0.14, 0.15, 0.16, 0.17, 0.18, 0.19, 0.2)","(0.0,)",6,64000
1.0971689,0.15020001,0.13323331,37.831833,29.552137,317600,0.85805595,0.0,0.06,0.36508334,0.3674,5.0,0.001,400,200,0.9,0.3,36000,fashion,SHEL,"(0.05, 0.06, 0.07, 0.08, 0.09, 0.1, 0.11, 0.12, 0.13, 0.14, 0.15, 0.16, 0.17, 0.18, 0.19, 0.2)","(0.0,)",6,64000
1.1821016,0.1487,0.13071668,31.39095,23.637157,635200,0.95276105,0.0,0.05,0.399375,0.4015,5.0,0.001,800,200,0.9,0.3,36000,fashion,SHEL,"(0.05, 0.06, 0.07, 0.08, 0.09, 0.1, 0.11, 0.12, 0.13, 0.14, 0.15, 0.16, 0.17, 0.18, 0.19, 0.2)","(0.0,)",6,64000
1.2719841,0.15200001,0.13003331,20.28725,14.793375,1270400,1.0874877,0.0,0.05,0.473875,0.4955,5.0,0.001,1600,200,0.9,0.3,36000,fashion,SHEL,"(0.05, 0.06, 0.07, 0.08, 0.09, 0.1, 0.11, 0.12, 0.13, 0.14, 0.15, 0.16, 0.17, 0.18, 0.19, 0.2)","(0.0,)",6,64000
1.0383711,0.13990003,0.123316646,211.097,92.497025,39700,0.78912073,0.0,0.08,0.25404167,0.2699,5.0,0.1,50,200,0.9,0.3,36000,fashion,SHEL,"(0.05, 0.06, 0.07, 0.08, 0.09, 0.1, 0.11, 0.12, 0.13, 0.14, 0.15, 0.16, 0.17, 0.18, 0.19, 0.2)","(0.0,)",7,64000
1.0783914,0.14720005,0.12979996,198.8993,83.04307,79400,0.83134323,0.0,0.09,0.27258334,0.2856,5.0,0.1,100,200,0.9,0.3,36000,fashion,SHEL,"(0.05, 0.06, 0.07, 0.08, 0.09, 0.1, 0.11, 0.12, 0.13, 0.14, 0.15, 0.16, 0.17, 0.18, 0.19, 0.2)","(0.0,)",7,64000
1.1090384,0.15460002,0.13755,179.03859,72.83413,158800,0.8675756,0.0,0.07,0.27733332,0.2936,5.0,0.1,200,200,0.9,0.3,36000,fashion,SHEL,"(0.05, 0.06, 0.07, 0.08, 0.09, 0.1, 0.11, 0.12, 0.13, 0.14, 0.15, 0.16, 0.17, 0.18, 0.19, 0.2)","(0.0,)",7,64000
1.2011528,0.15760005,0.13798332,189.0471,81.75502,317600,0.9383112,0.0,0.07,0.29320833,0.3087,5.0,0.1,400,200,0.9,0.3,36000,fashion,SHEL,"(0.05, 0.06, 0.07, 0.08, 0.09, 0.1, 0.11, 0.12, 0.13, 0.14, 0.15, 0.16, 0.17, 0.18, 0.19, 0.2)","(0.0,)",7,64000
1.3043227,0.157,0.13594997,169.91724,92.87407,635200,1.0531627,0.0,0.07,0.32983333,0.34399998,5.0,0.1,800,200,0.9,0.3,36000,fashion,SHEL,"(0.05, 0.06, 0.07, 0.08, 0.09, 0.1, 0.11, 0.12, 0.13, 0.14, 0.15, 0.16, 0.17, 0.18, 0.19, 0.2)","(0.0,)",7,64000
1.5641769,0.1602,0.13519996,298.40466,187.04358,1270400,1.2630881,0.0,0.07,0.36595833,0.3795,5.0,0.1,1600,200,0.9,0.3,36000,fashion,SHEL,"(0.05, 0.06, 0.07, 0.08, 0.09, 0.1, 0.11, 0.12, 0.13, 0.14, 0.15, 0.16, 0.17, 0.18, 0.19, 0.2)","(0.0,)",7,64000
1.0109906,0.14990002,0.12994999,106.7823,74.33008,39700,0.75005114,0.0,0.08,0.29870832,0.31419998,5.0,0.03,50,200,0.9,0.3,36000,fashion,SHEL,"(0.05, 0.06, 0.07, 0.08, 0.09, 0.1, 0.11, 0.12, 0.13, 0.14, 0.15, 0.16, 0.17, 0.18, 0.19, 0.2)","(0.0,)",7,64000
1.0115004,0.15100002,0.13386667,85.88926,57.234962,79400,0.7501971,0.0,0.07,0.30191666,0.3035,5.0,0.03,100,200,0.9,0.3,36000,fashion,SHEL,"(0.05, 0.06, 0.07, 0.08, 0.09, 0.1, 0.11, 0.12, 0.13, 0.14, 0.15, 0.16, 0.17, 0.18, 0.19, 0.2)","(0.0,)",7,64000
1.0540028,0.14990002,0.13384998,86.21634,53.045742,158800,0.7914929,0.0,0.06,0.29929167,0.3184,5.0,0.03,200,200,0.9,0.3,36000,fashion,SHEL,"(0.05, 0.06, 0.07, 0.08, 0.09, 0.1, 0.11, 0.12, 0.13, 0.14, 0.15, 0.16, 0.17, 0.18, 0.19, 0.2)","(0.0,)",7,64000
1.1109866,0.15200001,0.13293332,73.68852,47.344448,317600,0.8634886,0.0,0.07,0.33479166,0.34379998,5.0,0.03,400,200,0.9,0.3,36000,fashion,SHEL,"(0.05, 0.06, 0.07, 0.08, 0.09, 0.1, 0.11, 0.12, 0.13, 0.14, 0.15, 0.16, 0.17, 0.18, 0.19, 0.2)","(0.0,)",7,64000
1.1988707,0.15200001,0.13029999,67.1578,42.43827,635200,0.98346615,0.0,0.06,0.36479166,0.3753,5.0,0.03,800,200,0.9,0.3,36000,fashion,SHEL,"(0.05, 0.06, 0.07, 0.08, 0.09, 0.1, 0.11, 0.12, 0.13, 0.14, 0.15, 0.16, 0.17, 0.18, 0.19, 0.2)","(0.0,)",7,64000
1.4065002,0.16350001,0.13669997,122.1161,70.61694,1270400,1.2065707,0.0,0.07,0.43,0.42929998,5.0,0.03,1600,200,0.9,0.3,36000,fashion,SHEL,"(0.05, 0.06, 0.07, 0.08, 0.09, 0.1, 0.11, 0.12, 0.13, 0.14, 0.15, 0.16, 0.17, 0.18, 0.19, 0.2)","(0.0,)",7,64000
1.0272075,0.15140003,0.12975001,94.04551,73.085884,39700,0.7552913,0.0,0.08,0.3165,0.3279,5.0,0.01,50,200,0.9,0.3,36000,fashion,SHEL,"(0.05, 0.06, 0.07, 0.08, 0.09, 0.1, 0.11, 0.12, 0.13, 0.14, 0.15, 0.16, 0.17, 0.18, 0.19, 0.2)","(0.0,)",7,64000
1.037846,0.15030003,0.13153332,77.64441,58.06046,79400,0.7720469,0.0,0.07,0.32608333,0.3238,5.0,0.01,100,200,0.9,0.3,36000,fashion,SHEL,"(0.05, 0.06, 0.07, 0.08, 0.09, 0.1, 0.11, 0.12, 0.13, 0.14, 0.15, 0.16, 0.17, 0.18, 0.19, 0.2)","(0.0,)",7,64000
1.0672385,0.1458,0.12975001,65.67015,47.41155,158800,0.80885,0.0,0.06,0.32933334,0.3434,5.0,0.01,200,200,0.9,0.3,36000,fashion,SHEL,"(0.05, 0.06, 0.07, 0.08, 0.09, 0.1, 0.11, 0.12, 0.13, 0.14, 0.15, 0.16, 0.17, 0.18, 0.19, 0.2)","(0.0,)",7,64000
1.1144278,0.1505,0.1299833,50.578835,37.546906,317600,0.86783826,0.0,0.07,0.36379167,0.36789998,5.0,0.01,400,200,0.9,0.3,36000,fashion,SHEL,"(0.05, 0.06, 0.07, 0.08, 0.09, 0.1, 0.11, 0.12, 0.13, 0.14, 0.15, 0.16, 0.17, 0.18, 0.19, 0.2)","(0.0,)",7,64000
1.1635925,0.15210003,0.13306665,32.036705,22.765911,635200,0.9528917,0.0,0.06,0.40483332,0.41149998,5.0,0.01,800,200,0.9,0.3,36000,fashion,SHEL,"(0.05, 0.06, 0.07, 0.08, 0.09, 0.1, 0.11, 0.12, 0.13, 0.14, 0.15, 0.16, 0.17, 0.18, 0.19, 0.2)","(0.0,)",7,64000
1.3085217,0.15390003,0.1333,45.364895,29.021055,1270400,1.1272254,0.0,0.05,0.442125,0.4488,5.0,0.01,1600,200,0.9,0.3,36000,fashion,SHEL,"(0.05, 0.06, 0.07, 0.08, 0.09, 0.1, 0.11, 0.12, 0.13, 0.14, 0.15, 0.16, 0.17, 0.18, 0.19, 0.2)","(0.0,)",7,64000
1.0288265,0.15030003,0.12966669,88.52418,72.22977,39700,0.75798404,0.0,0.08,0.32525,0.3347,5.0,0.003,50,200,0.9,0.3,36000,fashion,SHEL,"(0.05, 0.06, 0.07, 0.08, 0.09, 0.1, 0.11, 0.12, 0.13, 0.14, 0.15, 0.16, 0.17, 0.18, 0.19, 0.2)","(0.0,)",7,64000
1.0396496,0.1494,0.13246667,72.11063,56.784393,79400,0.7762923,0.0,0.06,0.32495832,0.3381,5.0,0.003,100,200,0.9,0.3,36000,fashion,SHEL,"(0.05, 0.06, 0.07, 0.08, 0.09, 0.1, 0.11, 0.12, 0.13, 0.14, 0.15, 0.16, 0.17, 0.18, 0.19, 0.2)","(0.0,)",7,64000
1.0742311,0.1444,0.12908334,62.321056,46.941013,158800,0.8130216,0.0,0.06,0.33725,0.34919998,5.0,0.003,200,200,0.9,0.3,36000,fashion,SHEL,"(0.05, 0.06, 0.07, 0.08, 0.09, 0.1, 0.11, 0.12, 0.13, 0.14, 0.15, 0.16, 0.17, 0.18, 0.19, 0.2)","(0.0,)",7,64000
1.1199051,0.14970005,0.13003331,47.767864,36.533375,317600,0.8682878,0.0,0.06,0.36266667,0.3708,5.0,0.003,400,200,0.9,0.3,36000,fashion,SHEL,"(0.05, 0.06, 0.07, 0.08, 0.09, 0.1, 0.11, 0.12, 0.13, 0.14, 0.15, 0.16, 0.17, 0.18, 0.19, 0.2)","(0.0,)",7,64000
1.1750687,0.15080005,0.13085002,30.843164,22.147364,635200,0.9623604,0.0,0.06,0.41616666,0.4285,5.0,0.003,800,200,0.9,0.3,36000,fashion,SHEL,"(0.05, 0.06, 0.07, 0.08, 0.09, 0.1, 0.11, 0.12, 0.13, 0.14, 0.15, 0.16, 0.17, 0.18, 0.19, 0.2)","(0.0,)",7,64000
1.2656435,0.1534,0.13234997,19.949049,14.408769,1270400,1.085023,0.0,0.05,0.47187498,0.4786,5.0,0.003,1600,200,0.9,0.3,36000,fashion,SHEL,"(0.05, 0.06, 0.07, 0.08, 0.09, 0.1, 0.11, 0.12, 0.13, 0.14, 0.15, 0.16, 0.17, 0.18, 0.19, 0.2)","(0.0,)",7,64000
1.0251632,0.14950001,0.12979996,83.99934,69.99866,39700,0.7574733,0.0,0.08,0.32033333,0.3357,5.0,0.001,50,200,0.9,0.3,36000,fashion,SHEL,"(0.05, 0.06, 0.07, 0.08, 0.09, 0.1, 0.11, 0.12, 0.13, 0.14, 0.15, 0.16, 0.17, 0.18, 0.19, 0.2)","(0.0,)",7,64000
1.0352212,0.15020001,0.13241667,67.88414,54.672054,79400,0.7739009,0.0,0.06,0.329375,0.3364,5.0,0.001,100,200,0.9,0.3,36000,fashion,SHEL,"(0.05, 0.06, 0.07, 0.08, 0.09, 0.1, 0.11, 0.12, 0.13, 0.14, 0.15, 0.16, 0.17, 0.18, 0.19, 0.2)","(0.0,)",7,64000
1.0667498,0.1458,0.1304,57.420593,44.157513,158800,0.8064251,0.0,0.06,0.33683333,0.3482,5.0,0.001,200,200,0.9,0.3,36000,fashion,SHEL,"(0.05, 0.06, 0.07, 0.08, 0.09, 0.1, 0.11, 0.12, 0.13, 0.14, 0.15, 0.16, 0.17, 0.18, 0.19, 0.2)","(0.0,)",7,64000
1.1132048,0.15100002,0.13019997,44.27634,34.38581,317600,0.8631814,0.0,0.05,0.3565,0.36159998,5.0,0.001,400,200,0.9,0.3,36000,fashion,SHEL,"(0.05, 0.06, 0.07, 0.08, 0.09, 0.1, 0.11, 0.12, 0.13, 0.14, 0.15, 0.16, 0.17, 0.18, 0.19, 0.2)","(0.0,)",7,64000
1.1720971,0.1498,0.13099998,28.596851,20.740734,635200,0.9602234,0.0,0.06,0.422,0.42679998,5.0,0.001,800,200,0.9,0.3,36000,fashion,SHEL,"(0.05, 0.06, 0.07, 0.08, 0.09, 0.1, 0.11, 0.12, 0.13, 0.14, 0.15, 0.16, 0.17, 0.18, 0.19, 0.2)","(0.0,)",7,64000
1.2694935,0.15020001,0.1310333,19.300226,13.97964,1270400,1.0840727,0.0,0.05,0.48462498,0.4815,5.0,0.001,1600,200,0.9,0.3,36000,fashion,SHEL,"(0.05, 0.06, 0.07, 0.08, 0.09, 0.1, 0.11, 0.12, 0.13, 0.14, 0.15, 0.16, 0.17, 0.18, 0.19, 0.2)","(0.0,)",7,64000
1.0405447,0.14700001,0.12825,206.40851,94.67281,39700,0.79674554,0.0,0.08,0.25775,0.2678,5.0,0.1,50,200,0.9,0.3,36000,fashion,SHEL,"(0.05, 0.06, 0.07, 0.08, 0.09, 0.1, 0.11, 0.12, 0.13, 0.14, 0.15, 0.16, 0.17, 0.18, 0.19, 0.2)","(0.0,)",8,64000
1.0310642,0.15580004,0.13564998,155.02403,68.02814,79400,0.779744,0.0,0.09,0.28024998,0.2874,5.0,0.1,100,200,0.9,0.3,36000,fashion,SHEL,"(0.05, 0.06, 0.07, 0.08, 0.09, 0.1, 0.11, 0.12, 0.13, 0.14, 0.15, 0.16, 0.17, 0.18, 0.19, 0.2)","(0.0,)",8,64000
1.1584978,0.15360004,0.13344997,221.70012,85.80116,158800,0.892056,0.0,0.08,0.28254166,0.3023,5.0,0.1,200,200,0.9,0.3,36000,fashion,SHEL,"(0.05, 0.06, 0.07, 0.08, 0.09, 0.1, 0.11, 0.12, 0.13, 0.14, 0.15, 0.16, 0.17, 0.18, 0.19, 0.2)","(0.0,)",8,64000
1.2371942,0.14590001,0.12704998,229.32584,93.1282,317600,0.96940553,0.0,0.09,0.31279168,0.3302,5.0,0.1,400,200,0.9,0.3,36000,fashion,SHEL,"(0.05, 0.06, 0.07, 0.08, 0.09, 0.1, 0.11, 0.12, 0.13, 0.14, 0.15, 0.16, 0.17, 0.18, 0.19, 0.2)","(0.0,)",8,64000
1.3146137,0.15960002,0.13961667,178.06409,95.28168,635200,1.0490265,0.0,0.07,0.32979167,0.3437,5.0,0.1,800,200,0.9,0.3,36000,fashion,SHEL,"(0.05, 0.06, 0.07, 0.08, 0.09, 0.1, 0.11, 0.12, 0.13, 0.14, 0.15, 0.16, 0.17, 0.18, 0.19, 0.2)","(0.0,)",8,64000
1.5134808,0.16250002,0.14138335,214.78638,156.46387,1270400,1.2033067,0.0,0.07,0.375,0.3913,5.0,0.1,1600,200,0.9,0.3,36000,fashion,SHEL,"(0.05, 0.06, 0.07, 0.08, 0.09, 0.1, 0.11, 0.12, 0.13, 0.14, 0.15, 0.16, 0.17, 0.18, 0.19, 0.2)","(0.0,)",8,64000
1.0146314,0.14590001,0.12676668,103.67128,76.44894,39700,0.76111025,0.0,0.1,0.30520833,0.31649998,5.0,0.03,50,200,0.9,0.3,36000,fashion,SHEL,"(0.05, 0.06, 0.07, 0.08, 0.09, 0.1, 0.11, 0.12, 0.13, 0.14, 0.15, 0.16, 0.17, 0.18, 0.19, 0.2)","(0.0,)",8,64000
1.010909,0.153,0.13363332,84.71226,56.952133,79400,0.75504714,0.0,0.08,0.30904165,0.3198,5.0,0.03,100,200,0.9,0.3,36000,fashion,SHEL,"(0.05, 0.06, 0.07, 0.08, 0.09, 0.1, 0.11, 0.12, 0.13, 0.14, 0.15, 0.16, 0.17, 0.18, 0.19, 0.2)","(0.0,)",8,64000
1.0476369,0.1548,0.1372,76.23487,49.370956,158800,0.7901128,0.0,0.07,0.30870834,0.3241,5.0,0.03,200,200,0.9,0.3,36000,fashion,SHEL,"(0.05, 0.06, 0.07, 0.08, 0.09, 0.1, 0.11, 0.12, 0.13, 0.14, 0.15, 0.16, 0.17, 0.18, 0.19, 0.2)","(0.0,)",8,64000
1.1331327,0.14890003,0.13204998,84.03158,52.35972,317600,0.89067763,0.0,0.09,0.35549998,0.35599998,5.0,0.03,400,200,0.9,0.3,36000,fashion,SHEL,"(0.05, 0.06, 0.07, 0.08, 0.09, 0.1, 0.11, 0.12, 0.13, 0.14, 0.15, 0.16, 0.17, 0.18, 0.19, 0.2)","(0.0,)",8,64000
1.2199906,0.15100002,0.12884998,76.923294,47.985424,635200,0.99195063,0.0,0.07,0.37729165,0.3746,5.0,0.03,800,200,0.9,0.3,36000,fashion,SHEL,"(0.05, 0.06, 0.07, 0.08, 0.09, 0.1, 0.11, 0.12, 0.13, 0.14, 0.15, 0.16, 0.17, 0.18, 0.19, 0.2)","(0.0,)",8,64000
1.3846287,0.1613,0.13436663,102.397606,62.28227,1270400,1.1910571,0.0,0.07,0.42995834,0.44529998,5.0,0.03,1600,200,0.9,0.3,36000,fashion,SHEL,"(0.05, 0.06, 0.07, 0.08, 0.09, 0.1, 0.11, 0.12, 0.13, 0.14, 0.15, 0.16, 0.17, 0.18, 0.19, 0.2)","(0.0,)",8,64000
1.0260903,0.14900005,0.12785,91.91642,75.72037,39700,0.76577455,0.0,0.08,0.31383333,0.33159998,5.0,0.01,50,200,0.9,0.3,36000,fashion,SHEL,"(0.05, 0.06, 0.07, 0.08, 0.09, 0.1, 0.11, 0.12, 0.13, 0.14, 0.15, 0.16, 0.17, 0.18, 0.19, 0.2)","(0.0,)",8,64000
1.0272647,0.15440005,0.13426667,70.1647,53.71844,79400,0.76896966,0.0,0.08,0.32558334,0.332,5.0,0.01,100,200,0.9,0.3,36000,fashion,SHEL,"(0.05, 0.06, 0.07, 0.08, 0.09, 0.1, 0.11, 0.12, 0.13, 0.14, 0.15, 0.16, 0.17, 0.18, 0.19, 0.2)","(0.0,)",8,64000
1.0617156,0.15150005,0.13351667,59.004227,44.258354,158800,0.7972067,0.0,0.07,0.337375,0.34559998,5.0,0.01,200,200,0.9,0.3,36000,fashion,SHEL,"(0.05, 0.06, 0.07, 0.08, 0.09, 0.1, 0.11, 0.12, 0.13, 0.14, 0.15, 0.16, 0.17, 0.18, 0.19, 0.2)","(0.0,)",8,64000
1.1110046,0.14890003,0.13045001,47.961834,36.111523,317600,0.8676108,0.0,0.05,0.35025,0.35909998,5.0,0.01,400,200,0.9,0.3,36000,fashion,SHEL,"(0.05, 0.06, 0.07, 0.08, 0.09, 0.1, 0.11, 0.12, 0.13, 0.14, 0.15, 0.16, 0.17, 0.18, 0.19, 0.2)","(0.0,)",8,64000
1.1743338,0.15070003,0.13199997,35.28877,25.33095,635200,0.94895685,0.0,0.05,0.391875,0.4069,5.0,0.01,800,200,0.9,0.3,36000,fashion,SHEL,"(0.05, 0.06, 0.07, 0.08, 0.09, 0.1, 0.11, 0.12, 0.13, 0.14, 0.15, 0.16, 0.17, 0.18, 0.19, 0.2)","(0.0,)",8,64000
1.3071944,0.15420002,0.13274997,43.446712,28.510351,1270400,1.1230916,0.0,0.06,0.45583332,0.45889997,5.0,0.01,1600,200,0.9,0.3,36000,fashion,SHEL,"(0.05, 0.06, 0.07, 0.08, 0.09, 0.1, 0.11, 0.12, 0.13, 0.14, 0.15, 0.16, 0.17, 0.18, 0.19, 0.2)","(0.0,)",8,64000
1.0308156,0.14810002,0.12656665,88.13991,76.51173,39700,0.7652077,0.0,0.08,0.31866667,0.3297,5.0,0.003,50,200,0.9,0.3,36000,fashion,SHEL,"(0.05, 0.06, 0.07, 0.08, 0.09, 0.1, 0.11, 0.12, 0.13, 0.14, 0.15, 0.16, 0.17, 0.18, 0.19, 0.2)","(0.0,)",8,64000
1.0309354,0.15260005,0.13316667,65.915985,52.64666,79400,0.7696273,0.0,0.08,0.33033332,0.34199998,5.0,0.003,100,200,0.9,0.3,36000,fashion,SHEL,"(0.05, 0.06, 0.07, 0.08, 0.09, 0.1, 0.11, 0.12, 0.13, 0.14, 0.15, 0.16, 0.17, 0.18, 0.19, 0.2)","(0.0,)",8,64000
1.066987,0.15040004,0.13301665,56.46716,43.824795,158800,0.8017513,0.0,0.07,0.34166667,0.3514,5.0,0.003,200,200,0.9,0.3,36000,fashion,SHEL,"(0.05, 0.06, 0.07, 0.08, 0.09, 0.1, 0.11, 0.12, 0.13, 0.14, 0.15, 0.16, 0.17, 0.18, 0.19, 0.2)","(0.0,)",8,64000
1.1193856,0.14720005,0.12954998,46.215836,35.79712,317600,0.86889017,0.0,0.06,0.36404166,0.37019998,5.0,0.003,400,200,0.9,0.3,36000,fashion,SHEL,"(0.05, 0.06, 0.07, 0.08, 0.09, 0.1, 0.11, 0.12, 0.13, 0.14, 0.15, 0.16, 0.17, 0.18, 0.19, 0.2)","(0.0,)",8,64000
1.185663,0.1498,0.13050002,33.804684,24.583656,635200,0.9584507,0.0,0.05,0.40195832,0.40989998,5.0,0.003,800,200,0.9,0.3,36000,fashion,SHEL,"(0.05, 0.06, 0.07, 0.08, 0.09, 0.1, 0.11, 0.12, 0.13, 0.14, 0.15, 0.16, 0.17, 0.18, 0.19, 0.2)","(0.0,)",8,64000
1.2750605,0.15030003,0.13081664,22.07485,15.844498,1270400,1.0864558,0.0,0.05,0.46766666,0.4798,5.0,0.003,1600,200,0.9,0.3,36000,fashion,SHEL,"(0.05, 0.06, 0.07, 0.08, 0.09, 0.1, 0.11, 0.12, 0.13, 0.14, 0.15, 0.16, 0.17, 0.18, 0.19, 0.2)","(0.0,)",8,64000
1.0246962,0.14890003,0.12748331,82.584694,73.53513,39700,0.76265585,0.0,0.1,0.329375,0.3378,5.0,0.001,50,200,0.9,0.3,36000,fashion,SHEL,"(0.05, 0.06, 0.07, 0.08, 0.09, 0.1, 0.11, 0.12, 0.13, 0.14, 0.15, 0.16, 0.17, 0.18, 0.19, 0.2)","(0.0,)",8,64000
1.032451,0.15250003,0.13411665,62.91081,51.130432,79400,0.7682248,0.0,0.07,0.327375,0.33949998,5.0,0.001,100,200,0.9,0.3,36000,fashion,SHEL,"(0.05, 0.06, 0.07, 0.08, 0.09, 0.1, 0.11, 0.12, 0.13, 0.14, 0.15, 0.16, 0.17, 0.18, 0.19, 0.2)","(0.0,)",8,64000
1.0631359,0.14960003,0.13326663,53.333427,42.105614,158800,0.79997593,0.0,0.07,0.34616667,0.3532,5.0,0.001,200,200,0.9,0.3,36000,fashion,SHEL,"(0.05, 0.06, 0.07, 0.08, 0.09, 0.1, 0.11, 0.12, 0.13, 0.14, 0.15, 0.16, 0.17, 0.18, 0.19, 0.2)","(0.0,)",8,64000
1.1123192,0.1491,0.1306333,42.58099,33.565533,317600,0.86691624,0.0,0.07,0.37341666,0.38329998,5.0,0.001,400,200,0.9,0.3,36000,fashion,SHEL,"(0.05, 0.06, 0.07, 0.08, 0.09, 0.1, 0.11, 0.12, 0.13, 0.14, 0.15, 0.16, 0.17, 0.18, 0.19, 0.2)","(0.0,)",8,64000
1.1821309,0.15040004,0.13124996,31.531494,23.173862,635200,0.9562717,0.0,0.05,0.40320832,0.40489998,5.0,0.001,800,200,0.9,0.3,36000,fashion,SHEL,"(0.05, 0.06, 0.07, 0.08, 0.09, 0.1, 0.11, 0.12, 0.13, 0.14, 0.15, 0.16, 0.17, 0.18, 0.19, 0.2)","(0.0,)",8,64000
1.2803993,0.1476,0.12766665,22.227953,15.924628,1270400,1.0964417,0.0,0.05,0.47858334,0.4827,5.0,0.001,1600,200,0.9,0.3,36000,fashion,SHEL,"(0.05, 0.06, 0.07, 0.08, 0.09, 0.1, 0.11, 0.12, 0.13, 0.14, 0.15, 0.16, 0.17, 0.18, 0.19, 0.2)","(0.0,)",8,64000
1.0035782,0.144,0.13091666,164.51428,82.34465,39700,0.7467894,0.0,0.09,0.26445833,0.282,5.0,0.1,50,200,0.9,0.3,36000,fashion,SHEL,"(0.05, 0.06, 0.07, 0.08, 0.09, 0.1, 0.11, 0.12, 0.13, 0.14, 0.15, 0.16, 0.17, 0.18, 0.19, 0.2)","(0.0,)",9,64000
1.0305624,0.15430003,0.13480002,158.07793,66.89821,79400,0.77094865,0.0,0.08,0.2715,0.2837,5.0,0.1,100,200,0.9,0.3,36000,fashion,SHEL,"(0.05, 0.06, 0.07, 0.08, 0.09, 0.1, 0.11, 0.12, 0.13, 0.14, 0.15, 0.16, 0.17, 0.18, 0.19, 0.2)","(0.0,)",9,64000
1.1116803,0.15180004,0.13403332,177.14897,73.702255,158800,0.86863786,0.0,0.07,0.28041667,0.29189998,5.0,0.1,200,200,0.9,0.3,36000,fashion,SHEL,"(0.05, 0.06, 0.07, 0.08, 0.09, 0.1, 0.11, 0.12, 0.13, 0.14, 0.15, 0.16, 0.17, 0.18, 0.19, 0.2)","(0.0,)",9,64000
1.2119116,0.15930003,0.13913333,194.44278,81.56122,317600,0.9450353,0.0,0.07,0.29904166,0.3188,5.0,0.1,400,200,0.9,0.3,36000,fashion,SHEL,"(0.05, 0.06, 0.07, 0.08, 0.09, 0.1, 0.11, 0.12, 0.13, 0.14, 0.15, 0.16, 0.17, 0.18, 0.19, 0.2)","(0.0,)",9,64000
1.3339434,0.15940005,0.13943332,208.60289,104.27263,635200,1.0666156,0.0,0.07,0.32845834,0.3425,5.0,0.1,800,200,0.9,0.3,36000,fashion,SHEL,"(0.05, 0.06, 0.07, 0.08, 0.09, 0.1, 0.11, 0.12, 0.13, 0.14, 0.15, 0.16, 0.17, 0.18, 0.19, 0.2)","(0.0,)",9,64000
1.5706372,0.1559,0.13336664,310.01257,198.8261,1270400,1.252052,0.0,0.07,0.36108333,0.3798,5.0,0.1,1600,200,0.9,0.3,36000,fashion,SHEL,"(0.05, 0.06, 0.07, 0.08, 0.09, 0.1, 0.11, 0.12, 0.13, 0.14, 0.15, 0.16, 0.17, 0.18, 0.19, 0.2)","(0.0,)",9,64000
0.98134303,0.14740002,0.1329,92.13575,68.68257,39700,0.73878,0.0,0.1,0.30266666,0.3082,5.0,0.03,50,200,0.9,0.3,36000,fashion,SHEL,"(0.05, 0.06, 0.07, 0.08, 0.09, 0.1, 0.11, 0.12, 0.13, 0.14, 0.15, 0.16, 0.17, 0.18, 0.19, 0.2)","(0.0,)",9,64000
1.0137475,0.1501,0.13203335,88.50146,55.503017,79400,0.7585675,0.0,0.07,0.30116665,0.3202,5.0,0.03,100,200,0.9,0.3,36000,fashion,SHEL,"(0.05, 0.06, 0.07, 0.08, 0.09, 0.1, 0.11, 0.12, 0.13, 0.14, 0.15, 0.16, 0.17, 0.18, 0.19, 0.2)","(0.0,)",9,64000
1.0461321,0.15530002,0.13575,73.72304,49.541473,158800,0.7951849,0.0,0.06,0.30891666,0.32009998,5.0,0.03,200,200,0.9,0.3,36000,fashion,SHEL,"(0.05, 0.06, 0.07, 0.08, 0.09, 0.1, 0.11, 0.12, 0.13, 0.14, 0.15, 0.16, 0.17, 0.18, 0.19, 0.2)","(0.0,)",9,64000
1.1132782,0.15619999,0.1363833,75.227234,46.623947,317600,0.86894757,0.0,0.06,0.32516667,0.3382,5.0,0.03,400,200,0.9,0.3,36000,fashion,SHEL,"(0.05, 0.06, 0.07, 0.08, 0.09, 0.1, 0.11, 0.12, 0.13, 0.14, 0.15, 0.16, 0.17, 0.18, 0.19, 0.2)","(0.0,)",9,64000
1.2163075,0.14970005,0.12751663,75.543594,47.828503,635200,0.9899244,0.0,0.06,0.35858333,0.3757,5.0,0.03,800,200,0.9,0.3,36000,fashion,SHEL,"(0.05, 0.06, 0.07, 0.08, 0.09, 0.1, 0.11, 0.12, 0.13, 0.14, 0.15, 0.16, 0.17, 0.18, 0.19, 0.2)","(0.0,)",9,64000
1.3879415,0.16230005,0.13668334,102.45764,65.05786,1270400,1.1874057,0.0,0.07,0.43354166,0.43879998,5.0,0.03,1600,200,0.9,0.3,36000,fashion,SHEL,"(0.05, 0.06, 0.07, 0.08, 0.09, 0.1, 0.11, 0.12, 0.13, 0.14, 0.15, 0.16, 0.17, 0.18, 0.19, 0.2)","(0.0,)",9,64000
1.0034593,0.15040004,0.13236666,84.872185,68.54889,39700,0.7517584,0.0,0.1,0.31683332,0.3266,5.0,0.01,50,200,0.9,0.3,36000,fashion,SHEL,"(0.05, 0.06, 0.07, 0.08, 0.09, 0.1, 0.11, 0.12, 0.13, 0.14, 0.15, 0.16, 0.17, 0.18, 0.19, 0.2)","(0.0,)",9,64000
1.0297407,0.1509,0.13379997,72.98909,52.283382,79400,0.7655337,0.0,0.07,0.32166666,0.33339998,5.0,0.01,100,200,0.9,0.3,36000,fashion,SHEL,"(0.05, 0.06, 0.07, 0.08, 0.09, 0.1, 0.11, 0.12, 0.13, 0.14, 0.15, 0.16, 0.17, 0.18, 0.19, 0.2)","(0.0,)",9,64000
1.0659449,0.14950001,0.13278335,60.572216,46.597652,158800,0.8089609,0.0,0.06,0.32979167,0.34399998,5.0,0.01,200,200,0.9,0.3,36000,fashion,SHEL,"(0.05, 0.06, 0.07, 0.08, 0.09, 0.1, 0.11, 0.12, 0.13, 0.14, 0.15, 0.16, 0.17, 0.18, 0.19, 0.2)","(0.0,)",9,64000
1.118184,0.14960003,0.12908334,51.53264,36.78026,317600,0.8737853,0.0,0.06,0.359125,0.3645,5.0,0.01,400,200,0.9,0.3,36000,fashion,SHEL,"(0.05, 0.06, 0.07, 0.08, 0.09, 0.1, 0.11, 0.12, 0.13, 0.14, 0.15, 0.16, 0.17, 0.18, 0.19, 0.2)","(0.0,)",9,64000
1.1685473,0.15140003,0.13163334,34.497635,25.045763,635200,0.95004654,0.0,0.06,0.39824998,0.41369998,5.0,0.01,800,200,0.9,0.3,36000,fashion,SHEL,"(0.05, 0.06, 0.07, 0.08, 0.09, 0.1, 0.11, 0.12, 0.13, 0.14, 0.15, 0.16, 0.17, 0.18, 0.19, 0.2)","(0.0,)",9,64000
1.3033053,0.1534,0.13521665,41.556965,27.48247,1270400,1.1135865,0.0,0.05,0.442875,0.4517,5.0,0.01,1600,200,0.9,0.3,36000,fashion,SHEL,"(0.05, 0.06, 0.07, 0.08, 0.09, 0.1, 0.11, 0.12, 0.13, 0.14, 0.15, 0.16, 0.17, 0.18, 0.19, 0.2)","(0.0,)",9,64000
1.0057031,0.14820004,0.13204998,79.37527,67.024925,39700,0.75284815,0.0,0.1,0.32629165,0.33359998,5.0,0.003,50,200,0.9,0.3,36000,fashion,SHEL,"(0.05, 0.06, 0.07, 0.08, 0.09, 0.1, 0.11, 0.12, 0.13, 0.14, 0.15, 0.16, 0.17, 0.18, 0.19, 0.2)","(0.0,)",9,64000
1.0341114,0.15030003,0.13308334,69.48213,51.88688,79400,0.7686384,0.0,0.07,0.32954165,0.3354,5.0,0.003,100,200,0.9,0.3,36000,fashion,SHEL,"(0.05, 0.06, 0.07, 0.08, 0.09, 0.1, 0.11, 0.12, 0.13, 0.14, 0.15, 0.16, 0.17, 0.18, 0.19, 0.2)","(0.0,)",9,64000
1.0721401,0.15000004,0.13116664,57.811863,46.15928,158800,0.8126963,0.0,0.06,0.33758333,0.3471,5.0,0.003,200,200,0.9,0.3,36000,fashion,SHEL,"(0.05, 0.06, 0.07, 0.08, 0.09, 0.1, 0.11, 0.12, 0.13, 0.14, 0.15, 0.16, 0.17, 0.18, 0.19, 0.2)","(0.0,)",9,64000
1.1223351,0.1501,0.12896663,47.7823,35.142868,317600,0.8745289,0.0,0.06,0.36370832,0.37489998,5.0,0.003,400,200,0.9,0.3,36000,fashion,SHEL,"(0.05, 0.06, 0.07, 0.08, 0.09, 0.1, 0.11, 0.12, 0.13, 0.14, 0.15, 0.16, 0.17, 0.18, 0.19, 0.2)","(0.0,)",9,64000
1.1772316,0.15040004,0.13046664,32.254185,23.7859,635200,0.9523259,0.0,0.05,0.39245832,0.408,5.0,0.003,800,200,0.9,0.3,36000,fashion,SHEL,"(0.05, 0.06, 0.07, 0.08, 0.09, 0.1, 0.11, 0.12, 0.13, 0.14, 0.15, 0.16, 0.17, 0.18, 0.19, 0.2)","(0.0,)",9,64000
1.2806234,0.14900005,0.12943333,24.296413,17.173637,1270400,1.0901564,0.0,0.05,0.46758333,0.4671,5.0,0.003,1600,200,0.9,0.3,36000,fashion,SHEL,"(0.05, 0.06, 0.07, 0.08, 0.09, 0.1, 0.11, 0.12, 0.13, 0.14, 0.15, 0.16, 0.17, 0.18, 0.19, 0.2)","(0.0,)",9,64000
1.0026106,0.14840001,0.1328333,76.009865,65.36576,39700,0.75624996,0.0,0.12,0.33295834,0.3436,5.0,0.001,50,200,0.9,0.3,36000,fashion,SHEL,"(0.05, 0.06, 0.07, 0.08, 0.09, 0.1, 0.11, 0.12, 0.13, 0.14, 0.15, 0.16, 0.17, 0.18, 0.19, 0.2)","(0.0,)",9,64000
1.0300771,0.1505,0.13403332,65.58986,49.896175,79400,0.76581097,0.0,0.07,0.33325,0.3392,5.0,0.001,100,200,0.9,0.3,36000,fashion,SHEL,"(0.05, 0.06, 0.07, 0.08, 0.09, 0.1, 0.11, 0.12, 0.13, 0.14, 0.15, 0.16, 0.17, 0.18, 0.19, 0.2)","(0.0,)",9,64000
1.0672098,0.1505,0.13166666,54.192745,44.053448,158800,0.8094276,0.0,0.06,0.340125,0.34719998,5.0,0.001,200,200,0.9,0.3,36000,fashion,SHEL,"(0.05, 0.06, 0.07, 0.08, 0.09, 0.1, 0.11, 0.12, 0.13, 0.14, 0.15, 0.16, 0.17, 0.18, 0.19, 0.2)","(0.0,)",9,64000
1.1152606,0.1491,0.13011664,44.175236,32.986103,317600,0.8682035,0.0,0.06,0.367875,0.375,5.0,0.001,400,200,0.9,0.3,36000,fashion,SHEL,"(0.05, 0.06, 0.07, 0.08, 0.09, 0.1, 0.11, 0.12, 0.13, 0.14, 0.15, 0.16, 0.17, 0.18, 0.19, 0.2)","(0.0,)",9,64000
1.1735569,0.1494,0.13089997,30.036856,22.389322,635200,0.95647794,0.0,0.06,0.4130833,0.4211,5.0,0.001,800,200,0.9,0.3,36000,fashion,SHEL,"(0.05, 0.06, 0.07, 0.08, 0.09, 0.1, 0.11, 0.12, 0.13, 0.14, 0.15, 0.16, 0.17, 0.18, 0.19, 0.2)","(0.0,)",9,64000
1.2851573,0.1487,0.1281333,23.909492,16.903614,1270400,1.0949565,0.0,0.05,0.47325,0.4772,5.0,0.001,1600,200,0.9,0.3,36000,fashion,SHEL,"(0.05, 0.06, 0.07, 0.08, 0.09, 0.1, 0.11, 0.12, 0.13, 0.14, 0.15, 0.16, 0.17, 0.18, 0.19, 0.2)","(0.0,)",9,64000
1.0371941,0.14160001,0.124533296,207.49893,93.918106,39700,0.7878888,0.0,0.11,0.26108333,0.28599998,5.0,0.1,50,200,0.9,0.3,36000,fashion,SHEL,"(0.05, 0.06, 0.07, 0.08, 0.09, 0.1, 0.11, 0.12, 0.13, 0.14, 0.15, 0.16, 0.17, 0.18, 0.19, 0.2)","(0.0,)",10,64000
1.037135,0.15619999,0.13803333,156.73436,69.42842,79400,0.7803337,0.0,0.1,0.28154168,0.2965,5.0,0.1,100,200,0.9,0.3,36000,fashion,SHEL,"(0.05, 0.06, 0.07, 0.08, 0.09, 0.1, 0.11, 0.12, 0.13, 0.14, 0.15, 0.16, 0.17, 0.18, 0.19, 0.2)","(0.0,)",10,64000
1.1187595,0.15460002,0.13564998,179.42418,74.53955,158800,0.870834,0.0,0.08,0.28654167,0.2977,5.0,0.1,200,200,0.9,0.3,36000,fashion,SHEL,"(0.05, 0.06, 0.07, 0.08, 0.09, 0.1, 0.11, 0.12, 0.13, 0.14, 0.15, 0.16, 0.17, 0.18, 0.19, 0.2)","(0.0,)",10,64000
1.2096548,0.1573,0.13686663,189.74612,85.47942,317600,0.946211,0.0,0.07,0.29954165,0.31509998,5.0,0.1,400,200,0.9,0.3,36000,fashion,SHEL,"(0.05, 0.06, 0.07, 0.08, 0.09, 0.1, 0.11, 0.12, 0.13, 0.14, 0.15, 0.16, 0.17, 0.18, 0.19, 0.2)","(0.0,)",10,64000
1.336603,0.15560001,0.13366663,201.59174,104.61962,635200,1.057528,0.0,0.07,0.32954165,0.3442,5.0,0.1,800,200,0.9,0.3,36000,fashion,SHEL,"(0.05, 0.06, 0.07, 0.08, 0.09, 0.1, 0.11, 0.12, 0.13, 0.14, 0.15, 0.16, 0.17, 0.18, 0.19, 0.2)","(0.0,)",10,64000
1.4947809,0.1613,0.13826668,207.29056,144.53596,1270400,1.1940422,0.0,0.07,0.37070832,0.3831,5.0,0.1,1600,200,0.9,0.3,36000,fashion,SHEL,"(0.05, 0.06, 0.07, 0.08, 0.09, 0.1, 0.11, 0.12, 0.13, 0.14, 0.15, 0.16, 0.17, 0.18, 0.19, 0.2)","(0.0,)",10,64000
1.0072507,0.14720005,0.12948334,105.05658,75.62249,39700,0.7419596,0.0,0.1,0.2985,0.3188,5.0,0.03,50,200,0.9,0.3,36000,fashion,SHEL,"(0.05, 0.06, 0.07, 0.08, 0.09, 0.1, 0.11, 0.12, 0.13, 0.14, 0.15, 0.16, 0.17, 0.18, 0.19, 0.2)","(0.0,)",10,64000
0.9956094,0.15430003,0.13730001,75.23131,51.202354,79400,0.76224416,0.0,0.06,0.29975,0.3111,5.0,0.03,100,200,0.9,0.3,36000,fashion,SHEL,"(0.05, 0.06, 0.07, 0.08, 0.09, 0.1, 0.11, 0.12, 0.13, 0.14, 0.15, 0.16, 0.17, 0.18, 0.19, 0.2)","(0.0,)",10,64000
1.0616509,0.15330005,0.13461667,85.63224,53.466805,158800,0.7954952,0.0,0.08,0.31529167,0.3276,5.0,0.03,200,200,0.9,0.3,36000,fashion,SHEL,"(0.05, 0.06, 0.07, 0.08, 0.09, 0.1, 0.11, 0.12, 0.13, 0.14, 0.15, 0.16, 0.17, 0.18, 0.19, 0.2)","(0.0,)",10,64000
1.1087275,0.15320003,0.13569999,73.31221,46.875763,317600,0.865552,0.0,0.06,0.32541665,0.33789998,5.0,0.03,400,200,0.9,0.3,36000,fashion,SHEL,"(0.05, 0.06, 0.07, 0.08, 0.09, 0.1, 0.11, 0.12, 0.13, 0.14, 0.15, 0.16, 0.17, 0.18, 0.19, 0.2)","(0.0,)",10,64000
1.1971369,0.15200001,0.13064998,65.69144,43.497578,635200,0.98239887,0.0,0.06,0.36325,0.3715,5.0,0.03,800,200,0.9,0.3,36000,fashion,SHEL,"(0.05, 0.06, 0.07, 0.08, 0.09, 0.1, 0.11, 0.12, 0.13, 0.14, 0.15, 0.16, 0.17, 0.18, 0.19, 0.2)","(0.0,)",10,64000
1.3610139,0.16530001,0.1397,85.566925,53.701725,1270400,1.1522366,0.0,0.06,0.41570833,0.4324,5.0,0.03,1600,200,0.9,0.3,36000,fashion,SHEL,"(0.05, 0.06, 0.07, 0.08, 0.09, 0.1, 0.11, 0.12, 0.13, 0.14, 0.15, 0.16, 0.17, 0.18, 0.19, 0.2)","(0.0,)",10,64000
1.0170517,0.14990002,0.13096666,89.019775,72.64466,39700,0.7531648,0.0,0.09,0.320875,0.3303,5.0,0.01,50,200,0.9,0.3,36000,fashion,SHEL,"(0.05, 0.06, 0.07, 0.08, 0.09, 0.1, 0.11, 0.12, 0.13, 0.14, 0.15, 0.16, 0.17, 0.18, 0.19, 0.2)","(0.0,)",10,64000
1.0208002,0.15460002,0.13526666,67.84745,51.171574,79400,0.7549652,0.0,0.07,0.32795832,0.3338,5.0,0.01,100,200,0.9,0.3,36000,fashion,SHEL,"(0.05, 0.06, 0.07, 0.08, 0.09, 0.1, 0.11, 0.12, 0.13, 0.14, 0.15, 0.16, 0.17, 0.18, 0.19, 0.2)","(0.0,)",10,64000
1.069237,0.14820004,0.13115,65.10804,47.75332,158800,0.8109294,0.0,0.08,0.33895832,0.3538,5.0,0.01,200,200,0.9,0.3,36000,fashion,SHEL,"(0.05, 0.06, 0.07, 0.08, 0.09, 0.1, 0.11, 0.12, 0.13, 0.14, 0.15, 0.16, 0.17, 0.18, 0.19, 0.2)","(0.0,)",10,64000
1.1047693,0.1509,0.13115,47.069855,34.683212,317600,0.8623687,0.0,0.06,0.35741666,0.36769998,5.0,0.01,400,200,0.9,0.3,36000,fashion,SHEL,"(0.05, 0.06, 0.07, 0.08, 0.09, 0.1, 0.11, 0.12, 0.13, 0.14, 0.15, 0.16, 0.17, 0.18, 0.19, 0.2)","(0.0,)",10,64000
1.1591477,0.15250003,0.13348335,31.388556,23.685392,635200,0.9376091,0.0,0.05,0.387,0.3951,5.0,0.01,800,200,0.9,0.3,36000,fashion,SHEL,"(0.05, 0.06, 0.07, 0.08, 0.09, 0.1, 0.11, 0.12, 0.13, 0.14, 0.15, 0.16, 0.17, 0.18, 0.19, 0.2)","(0.0,)",10,64000
1.2919277,0.157,0.13743335,38.310417,25.251316,1270400,1.102451,0.0,0.05,0.443,0.4533,5.0,0.01,1600,200,0.9,0.3,36000,fashion,SHEL,"(0.05, 0.06, 0.07, 0.08, 0.09, 0.1, 0.11, 0.12, 0.13, 0.14, 0.15, 0.16, 0.17, 0.18, 0.19, 0.2)","(0.0,)",10,64000
1.0174059,0.1505,0.1311,83.040924,71.1036,39700,0.7516016,0.0,0.09,0.31866667,0.3369,5.0,0.003,50,200,0.9,0.3,36000,fashion,SHEL,"(0.05, 0.06, 0.07, 0.08, 0.09, 0.1, 0.11, 0.12, 0.13, 0.14, 0.15, 0.16, 0.17, 0.18, 0.19, 0.2)","(0.0,)",10,64000
1.0236787,0.1548,0.13563335,62.850643,49.459064,79400,0.75450456,0.0,0.07,0.329125,0.33679998,5.0,0.003,100,200,0.9,0.3,36000,fashion,SHEL,"(0.05, 0.06, 0.07, 0.08, 0.09, 0.1, 0.11, 0.12, 0.13, 0.14, 0.15, 0.16, 0.17, 0.18, 0.19, 0.2)","(0.0,)",10,64000
1.0781715,0.14810002,0.12878335,62.8099,47.95365,158800,0.8212489,0.0,0.08,0.35154167,0.3498,5.0,0.003,200,200,0.9,0.3,36000,fashion,SHEL,"(0.05, 0.06, 0.07, 0.08, 0.09, 0.1, 0.11, 0.12, 0.13, 0.14, 0.15, 0.16, 0.17, 0.18, 0.19, 0.2)","(0.0,)",10,64000
1.1139822,0.15030003,0.12968332,45.386314,34.267563,317600,0.8677872,0.0,0.06,0.36216667,0.37289998,5.0,0.003,400,200,0.9,0.3,36000,fashion,SHEL,"(0.05, 0.06, 0.07, 0.08, 0.09, 0.1, 0.11, 0.12, 0.13, 0.14, 0.15, 0.16, 0.17, 0.18, 0.19, 0.2)","(0.0,)",10,64000
1.170451,0.1494,0.13209999,30.223444,23.088697,635200,0.9456486,0.0,0.05,0.40025,0.40649998,5.0,0.003,800,200,0.9,0.3,36000,fashion,SHEL,"(0.05, 0.06, 0.07, 0.08, 0.09, 0.1, 0.11, 0.12, 0.13, 0.14, 0.15, 0.16, 0.17, 0.18, 0.19, 0.2)","(0.0,)",10,64000
1.2674109,0.15619999,0.1329,19.704239,14.295405,1270400,1.081179,0.0,0.05,0.47220832,0.4852,5.0,0.003,1600,200,0.9,0.3,36000,fashion,SHEL,"(0.05, 0.06, 0.07, 0.08, 0.09, 0.1, 0.11, 0.12, 0.13, 0.14, 0.15, 0.16, 0.17, 0.18, 0.19, 0.2)","(0.0,)",10,64000
1.0164304,0.14950001,0.13201666,79.07654,69.0903,39700,0.75825685,0.0,0.11,0.32870832,0.34059998,5.0,0.001,50,200,0.9,0.3,36000,fashion,SHEL,"(0.05, 0.06, 0.07, 0.08, 0.09, 0.1, 0.11, 0.12, 0.13, 0.14, 0.15, 0.16, 0.17, 0.18, 0.19, 0.2)","(0.0,)",10,64000
1.0202584,0.15460002,0.13648331,59.75692,47.859756,79400,0.7565405,0.0,0.07,0.330875,0.3417,5.0,0.001,100,200,0.9,0.3,36000,fashion,SHEL,"(0.05, 0.06, 0.07, 0.08, 0.09, 0.1, 0.11, 0.12, 0.13, 0.14, 0.15, 0.16, 0.17, 0.18, 0.19, 0.2)","(0.0,)",10,64000
1.0723813,0.14920002,0.13011664,58.488605,45.58929,158800,0.8151671,0.0,0.08,0.3455,0.3572,5.0,0.001,200,200,0.9,0.3,36000,fashion,SHEL,"(0.05, 0.06, 0.07, 0.08, 0.09, 0.1, 0.11, 0.12, 0.13, 0.14, 0.15, 0.16, 0.17, 0.18, 0.19, 0.2)","(0.0,)",10,64000
1.1066161,0.15000004,0.13093334,41.826942,32.08977,317600,0.8628281,0.0,0.06,0.36695832,0.3685,5.0,0.001,400,200,0.9,0.3,36000,fashion,SHEL,"(0.05, 0.06, 0.07, 0.08, 0.09, 0.1, 0.11, 0.12, 0.13, 0.14, 0.15, 0.16, 0.17, 0.18, 0.19, 0.2)","(0.0,)",10,64000
1.1664631,0.14990002,0.13260001,27.778002,21.453356,635200,0.94152415,0.0,0.05,0.402,0.4059,5.0,0.001,800,200,0.9,0.3,36000,fashion,SHEL,"(0.05, 0.06, 0.07, 0.08, 0.09, 0.1, 0.11, 0.12, 0.13, 0.14, 0.15, 0.16, 0.17, 0.18, 0.19, 0.2)","(0.0,)",10,64000
1.2714645,0.15200001,0.1315,19.311913,14.019461,1270400,1.0845817,0.0,0.05,0.48095834,0.48909998,5.0,0.001,1600,200,0.9,0.3,36000,fashion,SHEL,"(0.05, 0.06, 0.07, 0.08, 0.09, 0.1, 0.11, 0.12, 0.13, 0.14, 0.15, 0.16, 0.17, 0.18, 0.19, 0.2)","(0.0,)",10,64000
0.99359834,0.15180004,0.1343,159.23114,81.446815,39700,0.74482006,0.0,0.08,0.26154166,0.28219998,5.0,0.1,50,200,0.9,0.3,36000,fashion,SHEL,"(0.05, 0.06, 0.07, 0.08, 0.09, 0.1, 0.11, 0.12, 0.13, 0.14, 0.15, 0.16, 0.17, 0.18, 0.19, 0.2)","(0.0,)",1,64000
1.0740305,0.1412,0.12356663,202.9373,83.812325,79400,0.82636136,0.0,0.08,0.26479167,0.2786,5.0,0.1,100,200,0.9,0.3,36000,fashion,SHEL,"(0.05, 0.06, 0.07, 0.08, 0.09, 0.1, 0.11, 0.12, 0.13, 0.14, 0.15, 0.16, 0.17, 0.18, 0.19, 0.2)","(0.0,)",1,64000
1.120708,0.15530002,0.13736665,177.98196,75.16624,158800,0.8747371,0.0,0.07,0.28079167,0.29749998,5.0,0.1,200,200,0.9,0.3,36000,fashion,SHEL,"(0.05, 0.06, 0.07, 0.08, 0.09, 0.1, 0.11, 0.12, 0.13, 0.14, 0.15, 0.16, 0.17, 0.18, 0.19, 0.2)","(0.0,)",1,64000
1.2125193,0.15710002,0.1349833,197.66634,84.43907,317600,0.9398741,0.0,0.07,0.29508334,0.3082,5.0,0.1,400,200,0.9,0.3,36000,fashion,SHEL,"(0.05, 0.06, 0.07, 0.08, 0.09, 0.1, 0.11, 0.12, 0.13, 0.14, 0.15, 0.16, 0.17, 0.18, 0.19, 0.2)","(0.0,)",1,64000
1.3277426,0.15740001,0.13419998,207.29237,99.637665,635200,1.0743916,0.0,0.07,0.32866666,0.3338,5.0,0.1,800,200,0.9,0.3,36000,fashion,SHEL,"(0.05, 0.06, 0.07, 0.08, 0.09, 0.1, 0.11, 0.12, 0.13, 0.14, 0.15, 0.16, 0.17, 0.18, 0.19, 0.2)","(0.0,)",1,64000
1.5000232,0.16550004,0.14028335,212.23654,150.72957,1270400,1.1931828,0.0,0.07,0.37241668,0.38279998,5.0,0.1,1600,200,0.9,0.3,36000,fashion,SHEL,"(0.05, 0.06, 0.07, 0.08, 0.09, 0.1, 0.11, 0.12, 0.13, 0.14, 0.15, 0.16, 0.17, 0.18, 0.19, 0.2)","(0.0,)",1,64000
0.98458886,0.15000004,0.13273335,89.11194,70.10143,39700,0.7300656,0.0,0.07,0.299875,0.3091,5.0,0.03,50,200,0.9,0.3,36000,fashion,SHEL,"(0.05, 0.06, 0.07, 0.08, 0.09, 0.1, 0.11, 0.12, 0.13, 0.14, 0.15, 0.16, 0.17, 0.18, 0.19, 0.2)","(0.0,)",1,64000
1.0254829,0.14590001,0.12996668,97.190125,62.64533,79400,0.7682498,0.0,0.07,0.30258334,0.3064,5.0,0.03,100,200,0.9,0.3,36000,fashion,SHEL,"(0.05, 0.06, 0.07, 0.08, 0.09, 0.1, 0.11, 0.12, 0.13, 0.14, 0.15, 0.16, 0.17, 0.18, 0.19, 0.2)","(0.0,)",1,64000
1.0595069,0.1498,0.13405001,85.220924,55.079536,158800,0.79013383,0.0,0.07,0.31316668,0.32439998,5.0,0.03,200,200,0.9,0.3,36000,fashion,SHEL,"(0.05, 0.06, 0.07, 0.08, 0.09, 0.1, 0.11, 0.12, 0.13, 0.14, 0.15, 0.16, 0.17, 0.18, 0.19, 0.2)","(0.0,)",1,64000
1.1153871,0.15200001,0.13454998,77.43979,47.333344,317600,0.86707574,0.0,0.06,0.32754165,0.3414,5.0,0.03,400,200,0.9,0.3,36000,fashion,SHEL,"(0.05, 0.06, 0.07, 0.08, 0.09, 0.1, 0.11, 0.12, 0.13, 0.14, 0.15, 0.16, 0.17, 0.18, 0.19, 0.2)","(0.0,)",1,64000
1.2036953,0.15390003,0.12981665,65.75353,42.90623,635200,0.9900009,0.0,0.06,0.36516666,0.3839,5.0,0.03,800,200,0.9,0.3,36000,fashion,SHEL,"(0.05, 0.06, 0.07, 0.08, 0.09, 0.1, 0.11, 0.12, 0.13, 0.14, 0.15, 0.16, 0.17, 0.18, 0.19, 0.2)","(0.0,)",1,64000
1.3831826,0.16210002,0.13796663,100.747375,62.655685,1270400,1.1870931,0.0,0.07,0.42954165,0.4412,5.0,0.03,1600,200,0.9,0.3,36000,fashion,SHEL,"(0.05, 0.06, 0.07, 0.08, 0.09, 0.1, 0.11, 0.12, 0.13, 0.14, 0.15, 0.16, 0.17, 0.18, 0.19, 0.2)","(0.0,)",1,64000
1.0075927,0.15180004,0.13260001,81.79814,70.698326,39700,0.7422019,0.0,0.07,0.308375,0.3267,5.0,0.01,50,200,0.9,0.3,36000,fashion,SHEL,"(0.05, 0.06, 0.07, 0.08, 0.09, 0.1, 0.11, 0.12, 0.13, 0.14, 0.15, 0.16, 0.17, 0.18, 0.19, 0.2)","(0.0,)",1,64000
1.0416892,0.1476,0.12956667,80.7427,59.925556,79400,0.7813576,0.0,0.08,0.32066667,0.3287,5.0,0.01,100,200,0.9,0.3,36000,fashion,SHEL,"(0.05, 0.06, 0.07, 0.08, 0.09, 0.1, 0.11, 0.12, 0.13, 0.14, 0.15, 0.16, 0.17, 0.18, 0.19, 0.2)","(0.0,)",1,64000
1.0703988,0.14650005,0.13071668,64.416214,48.750473,158800,0.8066121,0.0,0.07,0.33258334,0.34289998,5.0,0.01,200,200,0.9,0.3,36000,fashion,SHEL,"(0.05, 0.06, 0.07, 0.08, 0.09, 0.1, 0.11, 0.12, 0.13, 0.14, 0.15, 0.16, 0.17, 0.18, 0.19, 0.2)","(0.0,)",1,64000
1.1113828,0.14840001,0.12979996,50.479637,35.62506,317600,0.8588279,0.0,0.06,0.35429168,0.3651,5.0,0.01,400,200,0.9,0.3,36000,fashion,SHEL,"(0.05, 0.06, 0.07, 0.08, 0.09, 0.1, 0.11, 0.12, 0.13, 0.14, 0.15, 0.16, 0.17, 0.18, 0.19, 0.2)","(0.0,)",1,64000
1.1618164,0.1548,0.13443333,31.324041,23.591503,635200,0.9432188,0.0,0.05,0.38470832,0.401,5.0,0.01,800,200,0.9,0.3,36000,fashion,SHEL,"(0.05, 0.06, 0.07, 0.08, 0.09, 0.1, 0.11, 0.12, 0.13, 0.14, 0.15, 0.16, 0.17, 0.18, 0.19, 0.2)","(0.0,)",1,64000
1.2903665,0.15640002,0.13676667,37.234524,25.077036,1270400,1.1054409,0.0,0.06,0.46066666,0.4685,5.0,0.01,1600,200,0.9,0.3,36000,fashion,SHEL,"(0.05, 0.06, 0.07, 0.08, 0.09, 0.1, 0.11, 0.12, 0.13, 0.14, 0.15, 0.16, 0.17, 0.18, 0.19, 0.2)","(0.0,)",1,64000
1.0073491,0.15280002,0.13336664,75.34872,68.731674,39700,0.73957044,0.0,0.07,0.317625,0.32569999,5.0,0.003,50,200,0.9,0.3,36000,fashion,SHEL,"(0.05, 0.06, 0.07, 0.08, 0.09, 0.1, 0.11, 0.12, 0.13, 0.14, 0.15, 0.16, 0.17, 0.18, 0.19, 0.2)","(0.0,)",1,64000
1.0474578,0.14710003,0.12828332,77.23012,59.987602,79400,0.7824626,0.0,0.08,0.32758334,0.3452,5.0,0.003,100,200,0.9,0.3,36000,fashion,SHEL,"(0.05, 0.06, 0.07, 0.08, 0.09, 0.1, 0.11, 0.12, 0.13, 0.14, 0.15, 0.16, 0.17, 0.18, 0.19, 0.2)","(0.0,)",1,64000
1.0775315,0.14630002,0.12978333,61.97362,48.707752,158800,0.8147964,0.0,0.07,0.333125,0.3446,5.0,0.003,200,200,0.9,0.3,36000,fashion,SHEL,"(0.05, 0.06, 0.07, 0.08, 0.09, 0.1, 0.11, 0.12, 0.13, 0.14, 0.15, 0.16, 0.17, 0.18, 0.19, 0.2)","(0.0,)",1,64000
1.1162349,0.14880002,0.13016665,47.819145,34.615242,317600,0.8639614,0.0,0.06,0.36045834,0.3757,5.0,0.003,400,200,0.9,0.3,36000,fashion,SHEL,"(0.05, 0.06, 0.07, 0.08, 0.09, 0.1, 0.11, 0.12, 0.13, 0.14, 0.15, 0.16, 0.17, 0.18, 0.19, 0.2)","(0.0,)",1,64000
1.1710298,0.15200001,0.13304996,29.415476,22.479877,635200,0.9459729,0.0,0.05,0.40112498,0.4116,5.0,0.003,800,200,0.9,0.3,36000,fashion,SHEL,"(0.05, 0.06, 0.07, 0.08, 0.09, 0.1, 0.11, 0.12, 0.13, 0.14, 0.15, 0.16, 0.17, 0.18, 0.19, 0.2)","(0.0,)",1,64000
1.2632315,0.15450001,0.1320833,19.075012,13.8785715,1270400,1.0795327,0.0,0.05,0.47479168,0.48389998,5.0,0.003,1600,200,0.9,0.3,36000,fashion,SHEL,"(0.05, 0.06, 0.07, 0.08, 0.09, 0.1, 0.11, 0.12, 0.13, 0.14, 0.15, 0.16, 0.17, 0.18, 0.19, 0.2)","(0.0,)",1,64000
1.0003228,0.15220004,0.13414997,71.78943,66.93834,39700,0.73979783,0.0,0.07,0.310875,0.33139998,5.0,0.001,50,200,0.9,0.3,36000,fashion,SHEL,"(0.05, 0.06, 0.07, 0.08, 0.09, 0.1, 0.11, 0.12, 0.13, 0.14, 0.15, 0.16, 0.17, 0.18, 0.19, 0.2)","(0.0,)",1,64000
1.042666,0.1458,0.12891668,72.6838,57.8287,79400,0.7815822,0.0,0.08,0.333125,0.34059998,5.0,0.001,100,200,0.9,0.3,36000,fashion,SHEL,"(0.05, 0.06, 0.07, 0.08, 0.09, 0.1, 0.11, 0.12, 0.13, 0.14, 0.15, 0.16, 0.17, 0.18, 0.19, 0.2)","(0.0,)",1,64000
1.0722413,0.14710003,0.13048333,57.958675,46.430233,158800,0.8086422,0.0,0.07,0.33995834,0.3448,5.0,0.001,200,200,0.9,0.3,36000,fashion,SHEL,"(0.05, 0.06, 0.07, 0.08, 0.09, 0.1, 0.11, 0.12, 0.13, 0.14, 0.15, 0.16, 0.17, 0.18, 0.19, 0.2)","(0.0,)",1,64000
1.1119301,0.14829999,0.13061666,44.424137,32.628876,317600,0.8567478,0.0,0.06,0.36308333,0.3773,5.0,0.001,400,200,0.9,0.3,36000,fashion,SHEL,"(0.05, 0.06, 0.07, 0.08, 0.09, 0.1, 0.11, 0.12, 0.13, 0.14, 0.15, 0.16, 0.17, 0.18, 0.19, 0.2)","(0.0,)",1,64000
1.1697172,0.15250003,0.13374996,27.73532,21.394197,635200,0.94413006,0.0,0.05,0.39704165,0.40629998,5.0,0.001,800,200,0.9,0.3,36000,fashion,SHEL,"(0.05, 0.06, 0.07, 0.08, 0.09, 0.1, 0.11, 0.12, 0.13, 0.14, 0.15, 0.16, 0.17, 0.18, 0.19, 0.2)","(0.0,)",1,64000
1.2689031,0.15140003,0.13085002,18.69337,13.617818,1270400,1.0826391,0.0,0.05,0.47258332,0.4788,5.0,0.001,1600,200,0.9,0.3,36000,fashion,SHEL,"(0.05, 0.06, 0.07, 0.08, 0.09, 0.1, 0.11, 0.12, 0.13, 0.14, 0.15, 0.16, 0.17, 0.18, 0.19, 0.2)","(0.0,)",1,64000
1.0084001,0.14430004,0.1266833,161.68729,84.67283,39700,0.74852896,0.0,0.1,0.27266666,0.2834,5.0,0.1,50,200,0.9,0.3,36000,fashion,SHEL,"(0.05, 0.06, 0.07, 0.08, 0.09, 0.1, 0.11, 0.12, 0.13, 0.14, 0.15, 0.16, 0.17, 0.18, 0.19, 0.2)","(0.0,)",2,64000
1.0230451,0.15240002,0.13538331,154.05586,67.10612,79400,0.7673944,0.0,0.08,0.27158332,0.2846,5.0,0.1,100,200,0.9,0.3,36000,fashion,SHEL,"(0.05, 0.06, 0.07, 0.08, 0.09, 0.1, 0.11, 0.12, 0.13, 0.14, 0.15, 0.16, 0.17, 0.18, 0.19, 0.2)","(0.0,)",2,64000
1.1069751,0.1537,0.13538331,178.24716,72.95626,158800,0.8631117,0.0,0.07,0.27129167,0.2913,5.0,0.1,200,200,0.9,0.3,36000,fashion,SHEL,"(0.05, 0.06, 0.07, 0.08, 0.09, 0.1, 0.11, 0.12, 0.13, 0.14, 0.15, 0.16, 0.17, 0.18, 0.19, 0.2)","(0.0,)",2,64000
1.2400393,0.1519,0.13029999,228.95776,95.96026,317600,0.96323234,0.0,0.07,0.291,0.3087,5.0,0.1,400,200,0.9,0.3,36000,fashion,SHEL,"(0.05, 0.06, 0.07, 0.08, 0.09, 0.1, 0.11, 0.12, 0.13, 0.14, 0.15, 0.16, 0.17, 0.18, 0.19, 0.2)","(0.0,)",2,64000
1.3490689,0.15799999,0.1354,205.63985,108.92624,635200,1.0732862,0.0,0.07,0.332125,0.345,5.0,0.1,800,200,0.9,0.3,36000,fashion,SHEL,"(0.05, 0.06, 0.07, 0.08, 0.09, 0.1, 0.11, 0.12, 0.13, 0.14, 0.15, 0.16, 0.17, 0.18, 0.19, 0.2)","(0.0,)",2,64000
1.5458603,0.1638,0.13835001,259.56335,177.82187,1270400,1.2375019,0.0,0.07,0.37270832,0.3841,5.0,0.1,1600,200,0.9,0.3,36000,fashion,SHEL,"(0.05, 0.06, 0.07, 0.08, 0.09, 0.1, 0.11, 0.12, 0.13, 0.14, 0.15, 0.16, 0.17, 0.18, 0.19, 0.2)","(0.0,)",2,64000
1.0039077,0.14700001,0.12799996,102.74297,75.52801,39700,0.7446193,0.0,0.1,0.29883334,0.30859998,5.0,0.03,50,200,0.9,0.3,36000,fashion,SHEL,"(0.05, 0.06, 0.07, 0.08, 0.09, 0.1, 0.11, 0.12, 0.13, 0.14, 0.15, 0.16, 0.17, 0.18, 0.19, 0.2)","(0.0,)",2,64000
1.0067554,0.1501,0.13454998,85.29582,55.13978,79400,0.7496874,0.0,0.07,0.30145833,0.3111,5.0,0.03,100,200,0.9,0.3,36000,fashion,SHEL,"(0.05, 0.06, 0.07, 0.08, 0.09, 0.1, 0.11, 0.12, 0.13, 0.14, 0.15, 0.16, 0.17, 0.18, 0.19, 0.2)","(0.0,)",2,64000
1.0455097,0.15540004,0.13676667,74.89266,49.8015,158800,0.79111063,0.0,0.07,0.31041667,0.32259998,5.0,0.03,200,200,0.9,0.3,36000,fashion,SHEL,"(0.05, 0.06, 0.07, 0.08, 0.09, 0.1, 0.11, 0.12, 0.13, 0.14, 0.15, 0.16, 0.17, 0.18, 0.19, 0.2)","(0.0,)",2,64000
1.1332448,0.15110004,0.13188332,83.79059,53.382343,317600,0.8907561,0.0,0.08,0.34279168,0.3585,5.0,0.03,400,200,0.9,0.3,36000,fashion,SHEL,"(0.05, 0.06, 0.07, 0.08, 0.09, 0.1, 0.11, 0.12, 0.13, 0.14, 0.15, 0.16, 0.17, 0.18, 0.19, 0.2)","(0.0,)",2,64000
1.2013483,0.15240002,0.12906665,68.08897,43.875885,635200,0.9770027,0.0,0.06,0.36641666,0.37649998,5.0,0.03,800,200,0.9,0.3,36000,fashion,SHEL,"(0.05, 0.06, 0.07, 0.08, 0.09, 0.1, 0.11, 0.12, 0.13, 0.14, 0.15, 0.16, 0.17, 0.18, 0.19, 0.2)","(0.0,)",2,64000
1.3888961,0.16640002,0.1414333,102.45691,65.359825,1270400,1.1877077,0.0,0.06,0.41233334,0.43269998,5.0,0.03,1600,200,0.9,0.3,36000,fashion,SHEL,"(0.05, 0.06, 0.07, 0.08, 0.09, 0.1, 0.11, 0.12, 0.13, 0.14, 0.15, 0.16, 0.17, 0.18, 0.19, 0.2)","(0.0,)",2,64000
1.0343816,0.1473,0.12804997,94.19152,76.236786,39700,0.7631401,0.0,0.1,0.319125,0.3209,5.0,0.01,50,200,0.9,0.3,36000,fashion,SHEL,"(0.05, 0.06, 0.07, 0.08, 0.09, 0.1, 0.11, 0.12, 0.13, 0.14, 0.15, 0.16, 0.17, 0.18, 0.19, 0.2)","(0.0,)",2,64000
1.0299966,0.1505,0.13215,77.44845,55.829445,79400,0.7644055,0.0,0.07,0.31625,0.33069998,5.0,0.01,100,200,0.9,0.3,36000,fashion,SHEL,"(0.05, 0.06, 0.07, 0.08, 0.09, 0.1, 0.11, 0.12, 0.13, 0.14, 0.15, 0.16, 0.17, 0.18, 0.19, 0.2)","(0.0,)",2,64000
1.0731202,0.14880002,0.13050002,64.35509,48.894093,158800,0.8080371,0.0,0.07,0.33245832,0.3414,5.0,0.01,200,200,0.9,0.3,36000,fashion,SHEL,"(0.05, 0.06, 0.07, 0.08, 0.09, 0.1, 0.11, 0.12, 0.13, 0.14, 0.15, 0.16, 0.17, 0.18, 0.19, 0.2)","(0.0,)",2,64000
1.1217368,0.1505,0.12831664,50.978436,38.54247,317600,0.87643915,0.0,0.05,0.34845832,0.35889998,5.0,0.01,400,200,0.9,0.3,36000,fashion,SHEL,"(0.05, 0.06, 0.07, 0.08, 0.09, 0.1, 0.11, 0.12, 0.13, 0.14, 0.15, 0.16, 0.17, 0.18, 0.19, 0.2)","(0.0,)",2,64000
1.1638573,0.15070003,0.13298333,32.516182,23.864792,635200,0.9383131,0.0,0.05,0.392,0.3992,5.0,0.01,800,200,0.9,0.3,36000,fashion,SHEL,"(0.05, 0.06, 0.07, 0.08, 0.09, 0.1, 0.11, 0.12, 0.13, 0.14, 0.15, 0.16, 0.17, 0.18, 0.19, 0.2)","(0.0,)",2,64000
1.3046992,0.15310001,0.13356668,40.9662,28.272,1270400,1.1133775,0.0,0.05,0.43579167,0.4534,5.0,0.01,1600,200,0.9,0.3,36000,fashion,SHEL,"(0.05, 0.06, 0.07, 0.08, 0.09, 0.1, 0.11, 0.12, 0.13, 0.14, 0.15, 0.16, 0.17, 0.18, 0.19, 0.2)","(0.0,)",2,64000
1.0211499,0.14670002,0.12851667,85.30995,73.04795,39700,0.7575049,0.0,0.08,0.31808332,0.3287,5.0,0.003,50,200,0.9,0.3,36000,fashion,SHEL,"(0.05, 0.06, 0.07, 0.08, 0.09, 0.1, 0.11, 0.12, 0.13, 0.14, 0.15, 0.16, 0.17, 0.18, 0.19, 0.2)","(0.0,)",2,64000
1.0353582,0.1491,0.13128334,73.20797,55.317554,79400,0.77054286,0.0,0.07,0.32549998,0.3354,5.0,0.003,100,200,0.9,0.3,36000,fashion,SHEL,"(0.05, 0.06, 0.07, 0.08, 0.09, 0.1, 0.11, 0.12, 0.13, 0.14, 0.15, 0.16, 0.17, 0.18, 0.19, 0.2)","(0.0,)",2,64000
1.0793915,0.14820004,0.13,60.165146,47.753975,158800,0.8117276,0.0,0.07,0.34320834,0.3556,5.0,0.003,200,200,0.9,0.3,36000,fashion,SHEL,"(0.05, 0.06, 0.07, 0.08, 0.09, 0.1, 0.11, 0.12, 0.13, 0.14, 0.15, 0.16, 0.17, 0.18, 0.19, 0.2)","(0.0,)",2,64000
1.1266719,0.14960003,0.12788332,48.056644,37.455666,317600,0.8771387,0.0,0.05,0.35258332,0.361,5.0,0.003,400,200,0.9,0.3,36000,fashion,SHEL,"(0.05, 0.06, 0.07, 0.08, 0.09, 0.1, 0.11, 0.12, 0.13, 0.14, 0.15, 0.16, 0.17, 0.18, 0.19, 0.2)","(0.0,)",2,64000
1.1761197,0.15070003,0.13121665,31.325294,23.19759,635200,0.945668,0.0,0.05,0.40195832,0.4017,5.0,0.003,800,200,0.9,0.3,36000,fashion,SHEL,"(0.05, 0.06, 0.07, 0.08, 0.09, 0.1, 0.11, 0.12, 0.13, 0.14, 0.15, 0.16, 0.17, 0.18, 0.19, 0.2)","(0.0,)",2,64000
1.2748357,0.15210003,0.1299833,22.583393,16.7222,1270400,1.0837096,0.0,0.05,0.47291666,0.473,5.0,0.003,1600,200,0.9,0.3,36000,fashion,SHEL,"(0.05, 0.06, 0.07, 0.08, 0.09, 0.1, 0.11, 0.12, 0.13, 0.14, 0.15, 0.16, 0.17, 0.18, 0.19, 0.2)","(0.0,)",2,64000
1.0155628,0.1473,0.12913334,80.333786,70.353035,39700,0.75611895,0.0,0.1,0.32012498,0.3489,5.0,0.001,50,200,0.9,0.3,36000,fashion,SHEL,"(0.05, 0.06, 0.07, 0.08, 0.09, 0.1, 0.11, 0.12, 0.13, 0.14, 0.15, 0.16, 0.17, 0.18, 0.19, 0.2)","(0.0,)",2,64000
1.0309253,0.14810002,0.13230002,68.77626,53.04928,79400,0.7703477,0.0,0.09,0.33241665,0.34649998,5.0,0.001,100,200,0.9,0.3,36000,fashion,SHEL,"(0.05, 0.06, 0.07, 0.08, 0.09, 0.1, 0.11, 0.12, 0.13, 0.14, 0.15, 0.16, 0.17, 0.18, 0.19, 0.2)","(0.0,)",2,64000
1.07419,0.14900005,0.13085002,56.821136,45.9383,158800,0.8099479,0.0,0.07,0.34166667,0.3577,5.0,0.001,200,200,0.9,0.3,36000,fashion,SHEL,"(0.05, 0.06, 0.07, 0.08, 0.09, 0.1, 0.11, 0.12, 0.13, 0.14, 0.15, 0.16, 0.17, 0.18, 0.19, 0.2)","(0.0,)",2,64000
1.1187304,0.1498,0.12979996,43.939022,34.840168,317600,0.86917996,0.0,0.05,0.35908332,0.36859998,5.0,0.001,400,200,0.9,0.3,36000,fashion,SHEL,"(0.05, 0.06, 0.07, 0.08, 0.09, 0.1, 0.11, 0.12, 0.13, 0.14, 0.15, 0.16, 0.17, 0.18, 0.19, 0.2)","(0.0,)",2,64000
1.1735816,0.15260005,0.13164997,29.02391,21.769098,635200,0.9441258,0.0,0.05,0.399875,0.4111,5.0,0.001,800,200,0.9,0.3,36000,fashion,SHEL,"(0.05, 0.06, 0.07, 0.08, 0.09, 0.1, 0.11, 0.12, 0.13, 0.14, 0.15, 0.16, 0.17, 0.18, 0.19, 0.2)","(0.0,)",2,64000
1.2794149,0.15020001,0.12874997,22.204605,16.432379,1270400,1.0869867,0.0,0.05,0.47491667,0.48029998,5.0,0.001,1600,200,0.9,0.3,36000,fashion,SHEL,"(0.05, 0.06, 0.07, 0.08, 0.09, 0.1, 0.11, 0.12, 0.13, 0.14, 0.15, 0.16, 0.17, 0.18, 0.19, 0.2)","(0.0,)",2,64000
1.0296471,0.14600003,0.12634999,210.1651,94.16957,39700,0.77633095,0.0,0.09,0.25333333,0.2739,5.0,0.1,50,200,0.9,0.3,36000,fashion,SHEL,"(0.05, 0.06, 0.07, 0.08, 0.09, 0.1, 0.11, 0.12, 0.13, 0.14, 0.15, 0.16, 0.17, 0.18, 0.19, 0.2)","(0.0,)",3,64000
1.0466479,0.1487,0.13216668,155.83707,74.85177,79400,0.78749055,0.0,0.07,0.27079165,0.28869998,5.0,0.1,100,200,0.9,0.3,36000,fashion,SHEL,"(0.05, 0.06, 0.07, 0.08, 0.09, 0.1, 0.11, 0.12, 0.13, 0.14, 0.15, 0.16, 0.17, 0.18, 0.19, 0.2)","(0.0,)",3,64000
1.1200246,0.15610003,0.13601667,183.30345,73.75593,158800,0.8724729,0.0,0.07,0.280375,0.29189998,5.0,0.1,200,200,0.9,0.3,36000,fashion,SHEL,"(0.05, 0.06, 0.07, 0.08, 0.09, 0.1, 0.11, 0.12, 0.13, 0.14, 0.15, 0.16, 0.17, 0.18, 0.19, 0.2)","(0.0,)",3,64000
1.2054327,0.15600002,0.13511664,193.32454,80.97441,317600,0.9514612,0.0,0.08,0.30666667,0.3181,5.0,0.1,400,200,0.9,0.3,36000,fashion,SHEL,"(0.05, 0.06, 0.07, 0.08, 0.09, 0.1, 0.11, 0.12, 0.13, 0.14, 0.15, 0.16, 0.17, 0.18, 0.19, 0.2)","(0.0,)",3,64000
1.2793149,0.16420001,0.14338332,143.77896,83.24852,635200,1.0447607,0.0,0.07,0.33566666,0.3525,5.0,0.1,800,200,0.9,0.3,36000,fashion,SHEL,"(0.05, 0.06, 0.07, 0.08, 0.09, 0.1, 0.11, 0.12, 0.13, 0.14, 0.15, 0.16, 0.17, 0.18, 0.19, 0.2)","(0.0,)",3,64000
1.5377926,0.16170001,0.14041668,232.71294,173.8339,1270400,1.2182995,0.0,0.06,0.35241666,0.3635,5.0,0.1,1600,200,0.9,0.3,36000,fashion,SHEL,"(0.05, 0.06, 0.07, 0.08, 0.09, 0.1, 0.11, 0.12, 0.13, 0.14, 0.15, 0.16, 0.17, 0.18, 0.19, 0.2)","(0.0,)",3,64000
0.98434395,0.15040004,0.13421667,93.607216,69.26896,39700,0.72707856,0.0,0.08,0.29695833,0.3089,5.0,0.03,50,200,0.9,0.3,36000,fashion,SHEL,"(0.05, 0.06, 0.07, 0.08, 0.09, 0.1, 0.11, 0.12, 0.13, 0.14, 0.15, 0.16, 0.17, 0.18, 0.19, 0.2)","(0.0,)",3,64000
1.0191776,0.15140003,0.1333,85.8042,60.654076,79400,0.7568738,0.0,0.07,0.30233333,0.3186,5.0,0.03,100,200,0.9,0.3,36000,fashion,SHEL,"(0.05, 0.06, 0.07, 0.08, 0.09, 0.1, 0.11, 0.12, 0.13, 0.14, 0.15, 0.16, 0.17, 0.18, 0.19, 0.2)","(0.0,)",3,64000
1.0537057,0.153,0.13566667,78.7414,48.833122,158800,0.7956665,0.0,0.06,0.30504167,0.3188,5.0,0.03,200,200,0.9,0.3,36000,fashion,SHEL,"(0.05, 0.06, 0.07, 0.08, 0.09, 0.1, 0.11, 0.12, 0.13, 0.14, 0.15, 0.16, 0.17, 0.18, 0.19, 0.2)","(0.0,)",3,64000
1.1244053,0.15310001,0.13418335,83.12906,49.96528,317600,0.889387,0.0,0.07,0.33404166,0.3532,5.0,0.03,400,200,0.9,0.3,36000,fashion,SHEL,"(0.05, 0.06, 0.07, 0.08, 0.09, 0.1, 0.11, 0.12, 0.13, 0.14, 0.15, 0.16, 0.17, 0.18, 0.19, 0.2)","(0.0,)",3,64000
1.1891428,0.15320003,0.13313335,59.226444,39.23367,635200,0.96351916,0.0,0.06,0.36325,0.3829,5.0,0.03,800,200,0.9,0.3,36000,fashion,SHEL,"(0.05, 0.06, 0.07, 0.08, 0.09, 0.1, 0.11, 0.12, 0.13, 0.14, 0.15, 0.16, 0.17, 0.18, 0.19, 0.2)","(0.0,)",3,64000
1.406315,0.16360003,0.13816667,120.4225,71.18405,1270400,1.2003607,0.0,0.07,0.42624998,0.4339,5.0,0.03,1600,200,0.9,0.3,36000,fashion,SHEL,"(0.05, 0.06, 0.07, 0.08, 0.09, 0.1, 0.11, 0.12, 0.13, 0.14, 0.15, 0.16, 0.17, 0.18, 0.19, 0.2)","(0.0,)",3,64000
1.0067416,0.14960003,0.13328332,85.63521,69.51013,39700,0.74760544,0.0,0.11,0.31591666,0.3306,5.0,0.01,50,200,0.9,0.3,36000,fashion,SHEL,"(0.05, 0.06, 0.07, 0.08, 0.09, 0.1, 0.11, 0.12, 0.13, 0.14, 0.15, 0.16, 0.17, 0.18, 0.19, 0.2)","(0.0,)",3,64000
1.0393633,0.1494,0.13181669,74.350044,59.10979,79400,0.7701705,0.0,0.07,0.31825,0.3372,5.0,0.01,100,200,0.9,0.3,36000,fashion,SHEL,"(0.05, 0.06, 0.07, 0.08, 0.09, 0.1, 0.11, 0.12, 0.13, 0.14, 0.15, 0.16, 0.17, 0.18, 0.19, 0.2)","(0.0,)",3,64000
1.0682915,0.15060002,0.13335001,61.21563,43.602055,158800,0.80003655,0.0,0.06,0.331375,0.3416,5.0,0.01,200,200,0.9,0.3,36000,fashion,SHEL,"(0.05, 0.06, 0.07, 0.08, 0.09, 0.1, 0.11, 0.12, 0.13, 0.14, 0.15, 0.16, 0.17, 0.18, 0.19, 0.2)","(0.0,)",3,64000
1.1202137,0.1505,0.12979996,52.751717,37.591434,317600,0.8825084,0.0,0.06,0.35283333,0.36749998,5.0,0.01,400,200,0.9,0.3,36000,fashion,SHEL,"(0.05, 0.06, 0.07, 0.08, 0.09, 0.1, 0.11, 0.12, 0.13, 0.14, 0.15, 0.16, 0.17, 0.18, 0.19, 0.2)","(0.0,)",3,64000
1.1636635,0.15220004,0.13316667,32.532936,23.762232,635200,0.9455994,0.0,0.05,0.3865,0.3981,5.0,0.01,800,200,0.9,0.3,36000,fashion,SHEL,"(0.05, 0.06, 0.07, 0.08, 0.09, 0.1, 0.11, 0.12, 0.13, 0.14, 0.15, 0.16, 0.17, 0.18, 0.19, 0.2)","(0.0,)",3,64000
1.2960877,0.15170002,0.13378334,40.235317,26.727722,1270400,1.1131277,0.0,0.06,0.455375,0.46829998,5.0,0.01,1600,200,0.9,0.3,36000,fashion,SHEL,"(0.05, 0.06, 0.07, 0.08, 0.09, 0.1, 0.11, 0.12, 0.13, 0.14, 0.15, 0.16, 0.17, 0.18, 0.19, 0.2)","(0.0,)",3,64000
1.0062536,0.1523,0.13363332,78.884705,67.321945,39700,0.74826175,0.0,0.11,0.32779166,0.33699998,5.0,0.003,50,200,0.9,0.3,36000,fashion,SHEL,"(0.05, 0.06, 0.07, 0.08, 0.09, 0.1, 0.11, 0.12, 0.13, 0.14, 0.15, 0.16, 0.17, 0.18, 0.19, 0.2)","(0.0,)",3,64000
1.0433398,0.14770001,0.13080001,71.75929,59.143803,79400,0.7777819,0.0,0.07,0.32920834,0.3376,5.0,0.003,100,200,0.9,0.3,36000,fashion,SHEL,"(0.05, 0.06, 0.07, 0.08, 0.09, 0.1, 0.11, 0.12, 0.13, 0.14, 0.15, 0.16, 0.17, 0.18, 0.19, 0.2)","(0.0,)",3,64000
1.0796717,0.14780003,0.13131666,60.448322,44.581688,158800,0.81006134,0.0,0.06,0.33766666,0.3504,5.0,0.003,200,200,0.9,0.3,36000,fashion,SHEL,"(0.05, 0.06, 0.07, 0.08, 0.09, 0.1, 0.11, 0.12, 0.13, 0.14, 0.15, 0.16, 0.17, 0.18, 0.19, 0.2)","(0.0,)",3,64000
1.1230782,0.15220004,0.12954998,48.749947,35.963284,317600,0.88140935,0.0,0.06,0.36254168,0.37309998,5.0,0.003,400,200,0.9,0.3,36000,fashion,SHEL,"(0.05, 0.06, 0.07, 0.08, 0.09, 0.1, 0.11, 0.12, 0.13, 0.14, 0.15, 0.16, 0.17, 0.18, 0.19, 0.2)","(0.0,)",3,64000
1.1704568,0.1516,0.13221663,29.77217,22.07171,635200,0.9469802,0.0,0.05,0.40691665,0.4125,5.0,0.003,800,200,0.9,0.3,36000,fashion,SHEL,"(0.05, 0.06, 0.07, 0.08, 0.09, 0.1, 0.11, 0.12, 0.13, 0.14, 0.15, 0.16, 0.17, 0.18, 0.19, 0.2)","(0.0,)",3,64000
1.266173,0.15350002,0.1324833,20.266714,14.86799,1270400,1.0822185,0.0,0.05,0.477125,0.47469997,5.0,0.003,1600,200,0.9,0.3,36000,fashion,SHEL,"(0.05, 0.06, 0.07, 0.08, 0.09, 0.1, 0.11, 0.12, 0.13, 0.14, 0.15, 0.16, 0.17, 0.18, 0.19, 0.2)","(0.0,)",3,64000
1.0036122,0.15100002,0.13471663,75.87321,65.96711,39700,0.7482303,0.0,0.11,0.32220832,0.33699998,5.0,0.001,50,200,0.9,0.3,36000,fashion,SHEL,"(0.05, 0.06, 0.07, 0.08, 0.09, 0.1, 0.11, 0.12, 0.13, 0.14, 0.15, 0.16, 0.17, 0.18, 0.19, 0.2)","(0.0,)",3,64000
1.0389113,0.14860004,0.13171667,67.59603,56.845734,79400,0.7708628,0.0,0.07,0.32658333,0.33769998,5.0,0.001,100,200,0.9,0.3,36000,fashion,SHEL,"(0.05, 0.06, 0.07, 0.08, 0.09, 0.1, 0.11, 0.12, 0.13, 0.14, 0.15, 0.16, 0.17, 0.18, 0.19, 0.2)","(0.0,)",3,64000
1.0756304,0.1476,0.13216668,57.204887,42.907455,158800,0.80664575,0.0,0.07,0.34754166,0.3568,5.0,0.001,200,200,0.9,0.3,36000,fashion,SHEL,"(0.05, 0.06, 0.07, 0.08, 0.09, 0.1, 0.11, 0.12, 0.13, 0.14, 0.15, 0.16, 0.17, 0.18, 0.19, 0.2)","(0.0,)",3,64000
1.115816,0.15170002,0.13064998,44.632973,33.51329,317600,0.87297714,0.0,0.06,0.36525,0.36589998,5.0,0.001,400,200,0.9,0.3,36000,fashion,SHEL,"(0.05, 0.06, 0.07, 0.08, 0.09, 0.1, 0.11, 0.12, 0.13, 0.14, 0.15, 0.16, 0.17, 0.18, 0.19, 0.2)","(0.0,)",3,64000
1.1700339,0.15110004,0.1324333,28.310646,21.158728,635200,0.9459397,0.0,0.05,0.40441665,0.4181,5.0,0.001,800,200,0.9,0.3,36000,fashion,SHEL,"(0.05, 0.06, 0.07, 0.08, 0.09, 0.1, 0.11, 0.12, 0.13, 0.14, 0.15, 0.16, 0.17, 0.18, 0.19, 0.2)","(0.0,)",3,64000
1.2706871,0.15140003,0.13081664,19.6137,14.424926,1270400,1.0811764,0.0,0.05,0.47758332,0.47829998,5.0,0.001,1600,200,0.9,0.3,36000,fashion,SHEL,"(0.05, 0.06, 0.07, 0.08, 0.09, 0.1, 0.11, 0.12, 0.13, 0.14, 0.15, 0.16, 0.17, 0.18, 0.19, 0.2)","(0.0,)",3,64000
0.9887493,0.1501,0.13288331,161.27606,80.45897,39700,0.74641675,0.0,0.09,0.26125,0.2726,5.0,0.1,50,200,0.9,0.3,36000,fashion,SHEL,"(0.05, 0.06, 0.07, 0.08, 0.09, 0.1, 0.11, 0.12, 0.13, 0.14, 0.15, 0.16, 0.17, 0.18, 0.19, 0.2)","(0.0,)",4,64000
1.0349001,0.15220004,0.13411665,157.14584,71.4117,79400,0.77321774,0.0,0.08,0.267625,0.2854,5.0,0.1,100,200,0.9,0.3,36000,fashion,SHEL,"(0.05, 0.06, 0.07, 0.08, 0.09, 0.1, 0.11, 0.12, 0.13, 0.14, 0.15, 0.16, 0.17, 0.18, 0.19, 0.2)","(0.0,)",4,64000
1.1120995,0.16140002,0.14169997,177.74092,72.62325,158800,0.8745923,0.0,0.08,0.28341666,0.2961,5.0,0.1,200,200,0.9,0.3,36000,fashion,SHEL,"(0.05, 0.06, 0.07, 0.08, 0.09, 0.1, 0.11, 0.12, 0.13, 0.14, 0.15, 0.16, 0.17, 0.18, 0.19, 0.2)","(0.0,)",4,64000
1.1999372,0.15619999,0.13598335,187.46632,80.24262,317600,0.945781,0.0,0.07,0.292375,0.3108,5.0,0.1,400,200,0.9,0.3,36000,fashion,SHEL,"(0.05, 0.06, 0.07, 0.08, 0.09, 0.1, 0.11, 0.12, 0.13, 0.14, 0.15, 0.16, 0.17, 0.18, 0.19, 0.2)","(0.0,)",4,64000
1.3633511,0.15820003,0.13616663,244.4603,110.10697,635200,1.1037971,0.0,0.07,0.32370833,0.33969998,5.0,0.1,800,200,0.9,0.3,36000,fashion,SHEL,"(0.05, 0.06, 0.07, 0.08, 0.09, 0.1, 0.11, 0.12, 0.13, 0.14, 0.15, 0.16, 0.17, 0.18, 0.19, 0.2)","(0.0,)",4,64000
1.5483081,0.15440005,0.13086665,272.5063,175.02756,1270400,1.275013,0.0,0.06,0.34441665,0.36339998,5.0,0.1,1600,200,0.9,0.3,36000,fashion,SHEL,"(0.05, 0.06, 0.07, 0.08, 0.09, 0.1, 0.11, 0.12, 0.13, 0.14, 0.15, 0.16, 0.17, 0.18, 0.19, 0.2)","(0.0,)",4,64000
0.99687314,0.14650005,0.13106668,103.59348,74.91526,39700,0.7377974,0.0,0.06,0.29154167,0.3008,5.0,0.03,50,200,0.9,0.3,36000,fashion,SHEL,"(0.05, 0.06, 0.07, 0.08, 0.09, 0.1, 0.11, 0.12, 0.13, 0.14, 0.15, 0.16, 0.17, 0.18, 0.19, 0.2)","(0.0,)",4,64000
1.0102882,0.15060002,0.13433331,86.10351,57.942913,79400,0.75284946,0.0,0.07,0.29775,0.30699998,5.0,0.03,100,200,0.9,0.3,36000,fashion,SHEL,"(0.05, 0.06, 0.07, 0.08, 0.09, 0.1, 0.11, 0.12, 0.13, 0.14, 0.15, 0.16, 0.17, 0.18, 0.19, 0.2)","(0.0,)",4,64000
1.0406355,0.15350002,0.13596666,74.86955,48.11733,158800,0.7926519,0.0,0.08,0.31983334,0.3288,5.0,0.03,200,200,0.9,0.3,36000,fashion,SHEL,"(0.05, 0.06, 0.07, 0.08, 0.09, 0.1, 0.11, 0.12, 0.13, 0.14, 0.15, 0.16, 0.17, 0.18, 0.19, 0.2)","(0.0,)",4,64000
1.1089803,0.15390003,0.13645,71.821236,45.303543,317600,0.867442,0.0,0.07,0.33645833,0.3482,5.0,0.03,400,200,0.9,0.3,36000,fashion,SHEL,"(0.05, 0.06, 0.07, 0.08, 0.09, 0.1, 0.11, 0.12, 0.13, 0.14, 0.15, 0.16, 0.17, 0.18, 0.19, 0.2)","(0.0,)",4,64000
1.2168177,0.14990002,0.12893331,76.37251,47.33759,635200,0.99308157,0.0,0.06,0.36816666,0.3759,5.0,0.03,800,200,0.9,0.3,36000,fashion,SHEL,"(0.05, 0.06, 0.07, 0.08, 0.09, 0.1, 0.11, 0.12, 0.13, 0.14, 0.15, 0.16, 0.17, 0.18, 0.19, 0.2)","(0.0,)",4,64000
1.3839302,0.16170001,0.13435,103.53909,62.81212,1270400,1.1864028,0.0,0.06,0.413375,0.4195,5.0,0.03,1600,200,0.9,0.3,36000,fashion,SHEL,"(0.05, 0.06, 0.07, 0.08, 0.09, 0.1, 0.11, 0.12, 0.13, 0.14, 0.15, 0.16, 0.17, 0.18, 0.19, 0.2)","(0.0,)",4,64000
1.0160837,0.14590001,0.12900001,94.94246,76.67217,39700,0.75428236,0.0,0.11,0.3145,0.3328,5.0,0.01,50,200,0.9,0.3,36000,fashion,SHEL,"(0.05, 0.06, 0.07, 0.08, 0.09, 0.1, 0.11, 0.12, 0.13, 0.14, 0.15, 0.16, 0.17, 0.18, 0.19, 0.2)","(0.0,)",4,64000
1.0402776,0.15070003,0.13139999,77.248024,58.658306,79400,0.77182865,0.0,0.07,0.32441667,0.334,5.0,0.01,100,200,0.9,0.3,36000,fashion,SHEL,"(0.05, 0.06, 0.07, 0.08, 0.09, 0.1, 0.11, 0.12, 0.13, 0.14, 0.15, 0.16, 0.17, 0.18, 0.19, 0.2)","(0.0,)",4,64000
1.0593425,0.14890003,0.1322,61.2809,45.223656,158800,0.7970899,0.0,0.07,0.33579168,0.3489,5.0,0.01,200,200,0.9,0.3,36000,fashion,SHEL,"(0.05, 0.06, 0.07, 0.08, 0.09, 0.1, 0.11, 0.12, 0.13, 0.14, 0.15, 0.16, 0.17, 0.18, 0.19, 0.2)","(0.0,)",4,64000
1.1077151,0.14840001,0.1321333,45.749535,34.08808,317600,0.872827,0.0,0.05,0.34666666,0.36699998,5.0,0.01,400,200,0.9,0.3,36000,fashion,SHEL,"(0.05, 0.06, 0.07, 0.08, 0.09, 0.1, 0.11, 0.12, 0.13, 0.14, 0.15, 0.16, 0.17, 0.18, 0.19, 0.2)","(0.0,)",4,64000
1.1777695,0.14930004,0.13203335,35.122673,25.370958,635200,0.94864535,0.0,0.06,0.40004167,0.4123,5.0,0.01,800,200,0.9,0.3,36000,fashion,SHEL,"(0.05, 0.06, 0.07, 0.08, 0.09, 0.1, 0.11, 0.12, 0.13, 0.14, 0.15, 0.16, 0.17, 0.18, 0.19, 0.2)","(0.0,)",4,64000
1.2876885,0.15510005,0.13606668,38.081245,25.65566,1270400,1.1033748,0.0,0.06,0.45616665,0.45979998,5.0,0.01,1600,200,0.9,0.3,36000,fashion,SHEL,"(0.05, 0.06, 0.07, 0.08, 0.09, 0.1, 0.11, 0.12, 0.13, 0.14, 0.15, 0.16, 0.17, 0.18, 0.19, 0.2)","(0.0,)",4,64000
1.0131923,0.14650005,0.13019997,85.182274,73.08647,39700,0.7547556,0.0,0.06,0.31145832,0.31649998,5.0,0.003,50,200,0.9,0.3,36000,fashion,SHEL,"(0.05, 0.06, 0.07, 0.08, 0.09, 0.1, 0.11, 0.12, 0.13, 0.14, 0.15, 0.16, 0.17, 0.18, 0.19, 0.2)","(0.0,)",4,64000
1.041713,0.15040004,0.13226664,71.05333,56.682434,79400,0.7709687,0.0,0.07,0.32483333,0.3417,5.0,0.003,100,200,0.9,0.3,36000,fashion,SHEL,"(0.05, 0.06, 0.07, 0.08, 0.09, 0.1, 0.11, 0.12, 0.13, 0.14, 0.15, 0.16, 0.17, 0.18, 0.19, 0.2)","(0.0,)",4,64000
1.0684358,0.14820004,0.13098335,59.34828,45.405014,158800,0.8068518,0.0,0.07,0.33983332,0.355,5.0,0.003,200,200,0.9,0.3,36000,fashion,SHEL,"(0.05, 0.06, 0.07, 0.08, 0.09, 0.1, 0.11, 0.12, 0.13, 0.14, 0.15, 0.16, 0.17, 0.18, 0.19, 0.2)","(0.0,)",4,64000
1.1087871,0.14900005,0.13238335,41.614002,32.096466,317600,0.8723226,0.0,0.07,0.374625,0.3791,5.0,0.003,400,200,0.9,0.3,36000,fashion,SHEL,"(0.05, 0.06, 0.07, 0.08, 0.09, 0.1, 0.11, 0.12, 0.13, 0.14, 0.15, 0.16, 0.17, 0.18, 0.19, 0.2)","(0.0,)",4,64000
1.1874293,0.14820004,0.12949997,33.66858,24.618877,635200,0.96163243,0.0,0.06,0.40937498,0.412,5.0,0.003,800,200,0.9,0.3,36000,fashion,SHEL,"(0.05, 0.06, 0.07, 0.08, 0.09, 0.1, 0.11, 0.12, 0.13, 0.14, 0.15, 0.16, 0.17, 0.18, 0.19, 0.2)","(0.0,)",4,64000
1.2653227,0.1516,0.13041663,21.4665,15.639562,1270400,1.077951,0.0,0.05,0.46937498,0.4773,5.0,0.003,1600,200,0.9,0.3,36000,fashion,SHEL,"(0.05, 0.06, 0.07, 0.08, 0.09, 0.1, 0.11, 0.12, 0.13, 0.14, 0.15, 0.16, 0.17, 0.18, 0.19, 0.2)","(0.0,)",4,64000
1.0086218,0.14600003,0.13053334,80.5764,70.734726,39700,0.7502451,0.0,0.06,0.31091666,0.3223,5.0,0.001,50,200,0.9,0.3,36000,fashion,SHEL,"(0.05, 0.06, 0.07, 0.08, 0.09, 0.1, 0.11, 0.12, 0.13, 0.14, 0.15, 0.16, 0.17, 0.18, 0.19, 0.2)","(0.0,)",4,64000
1.0374161,0.15130001,0.13291663,67.319115,54.775063,79400,0.7713201,0.0,0.07,0.32933334,0.33929998,5.0,0.001,100,200,0.9,0.3,36000,fashion,SHEL,"(0.05, 0.06, 0.07, 0.08, 0.09, 0.1, 0.11, 0.12, 0.13, 0.14, 0.15, 0.16, 0.17, 0.18, 0.19, 0.2)","(0.0,)",4,64000
1.0628284,0.14829999,0.13104999,55.556286,43.316864,158800,0.8012451,0.0,0.07,0.34404168,0.3536,5.0,0.001,200,200,0.9,0.3,36000,fashion,SHEL,"(0.05, 0.06, 0.07, 0.08, 0.09, 0.1, 0.11, 0.12, 0.13, 0.14, 0.15, 0.16, 0.17, 0.18, 0.19, 0.2)","(0.0,)",4,64000
1.103822,0.14810002,0.1336,38.6973,30.336655,317600,0.8651102,0.0,0.05,0.35979167,0.377,5.0,0.001,400,200,0.9,0.3,36000,fashion,SHEL,"(0.05, 0.06, 0.07, 0.08, 0.09, 0.1, 0.11, 0.12, 0.13, 0.14, 0.15, 0.16, 0.17, 0.18, 0.19, 0.2)","(0.0,)",4,64000
1.1785105,0.14710003,0.13005,31.381937,23.191936,635200,0.95784104,0.0,0.06,0.41629165,0.41939998,5.0,0.001,800,200,0.9,0.3,36000,fashion,SHEL,"(0.05, 0.06, 0.07, 0.08, 0.09, 0.1, 0.11, 0.12, 0.13, 0.14, 0.15, 0.16, 0.17, 0.18, 0.19, 0.2)","(0.0,)",4,64000
1.2706304,0.14890003,0.12905002,21.330563,15.525772,1270400,1.0806103,0.0,0.05,0.46774998,0.4804,5.0,0.001,1600,200,0.9,0.3,36000,fashion,SHEL,"(0.05, 0.06, 0.07, 0.08, 0.09, 0.1, 0.11, 0.12, 0.13, 0.14, 0.15, 0.16, 0.17, 0.18, 0.19, 0.2)","(0.0,)",4,64000
1.0048338,0.1476,0.12891668,166.93483,75.58257,39700,0.74773216,0.0,0.09,0.26320833,0.2765,5.0,0.1,50,200,0.9,0.3,36000,fashion,SHEL,"(0.05, 0.06, 0.07, 0.08, 0.09, 0.1, 0.11, 0.12, 0.13, 0.14, 0.15, 0.16, 0.17, 0.18, 0.19, 0.2)","(0.0,)",5,64000
1.036452,0.15240002,0.13524997,159.83327,69.77611,79400,0.77334017,0.0,0.08,0.27275,0.28489998,5.0,0.1,100,200,0.9,0.3,36000,fashion,SHEL,"(0.05, 0.06, 0.07, 0.08, 0.09, 0.1, 0.11, 0.12, 0.13, 0.14, 0.15, 0.16, 0.17, 0.18, 0.19, 0.2)","(0.0,)",5,64000
1.1149113,0.1541,0.13493335,178.13437,72.569725,158800,0.87877774,0.0,0.07,0.27608332,0.2907,5.0,0.1,200,200,0.9,0.3,36000,fashion,SHEL,"(0.05, 0.06, 0.07, 0.08, 0.09, 0.1, 0.11, 0.12, 0.13, 0.14, 0.15, 0.16, 0.17, 0.18, 0.19, 0.2)","(0.0,)",5,64000
1.2162219,0.1602,0.13981664,195.32036,82.51083,317600,0.95453227,0.0,0.07,0.29716668,0.3096,5.0,0.1,400,200,0.9,0.3,36000,fashion,SHEL,"(0.05, 0.06, 0.07, 0.08, 0.09, 0.1, 0.11, 0.12, 0.13, 0.14, 0.15, 0.16, 0.17, 0.18, 0.19, 0.2)","(0.0,)",5,64000
1.3685209,0.1566,0.13365,243.21165,116.32875,635200,1.1146377,0.0,0.07,0.32375,0.3349,5.0,0.1,800,200,0.9,0.3,36000,fashion,SHEL,"(0.05, 0.06, 0.07, 0.08, 0.09, 0.1, 0.11, 0.12, 0.13, 0.14, 0.15, 0.16, 0.17, 0.18, 0.19, 0.2)","(0.0,)",5,64000
1.5725462,0.15390003,0.12903333,323.86304,195.58641,1270400,1.2918384,0.0,0.07,0.36358333,0.3779,5.0,0.1,1600,200,0.9,0.3,36000,fashion,SHEL,"(0.05, 0.06, 0.07, 0.08, 0.09, 0.1, 0.11, 0.12, 0.13, 0.14, 0.15, 0.16, 0.17, 0.18, 0.19, 0.2)","(0.0,)",5,64000
0.9924251,0.1498,0.13153332,94.84035,66.12213,39700,0.7425918,0.0,0.08,0.303625,0.3134,5.0,0.03,50,200,0.9,0.3,36000,fashion,SHEL,"(0.05, 0.06, 0.07, 0.08, 0.09, 0.1, 0.11, 0.12, 0.13, 0.14, 0.15, 0.16, 0.17, 0.18, 0.19, 0.2)","(0.0,)",5,64000
1.0111458,0.1527,0.13561666,87.088104,57.188465,79400,0.7529689,0.0,0.08,0.30066666,0.31649998,5.0,0.03,100,200,0.9,0.3,36000,fashion,SHEL,"(0.05, 0.06, 0.07, 0.08, 0.09, 0.1, 0.11, 0.12, 0.13, 0.14, 0.15, 0.16, 0.17, 0.18, 0.19, 0.2)","(0.0,)",5,64000
1.0464085,0.15330005,0.1367833,74.84805,47.976105,158800,0.795083,0.0,0.07,0.31775,0.3272,5.0,0.03,200,200,0.9,0.3,36000,fashion,SHEL,"(0.05, 0.06, 0.07, 0.08, 0.09, 0.1, 0.11, 0.12, 0.13, 0.14, 0.15, 0.16, 0.17, 0.18, 0.19, 0.2)","(0.0,)",5,64000
1.1177646,0.15330005,0.13421667,75.97209,45.718937,317600,0.874376,0.0,0.06,0.32808334,0.3448,5.0,0.03,400,200,0.9,0.3,36000,fashion,SHEL,"(0.05, 0.06, 0.07, 0.08, 0.09, 0.1, 0.11, 0.12, 0.13, 0.14, 0.15, 0.16, 0.17, 0.18, 0.19, 0.2)","(0.0,)",5,64000
1.1929018,0.15220004,0.13323331,60.050926,39.602985,635200,0.9801686,0.0,0.06,0.37687498,0.3847,5.0,0.03,800,200,0.9,0.3,36000,fashion,SHEL,"(0.05, 0.06, 0.07, 0.08, 0.09, 0.1, 0.11, 0.12, 0.13, 0.14, 0.15, 0.16, 0.17, 0.18, 0.19, 0.2)","(0.0,)",5,64000
1.3735555,0.16040003,0.13571668,94.87863,60.24744,1270400,1.1733881,0.0,0.06,0.414375,0.4235,5.0,0.03,1600,200,0.9,0.3,36000,fashion,SHEL,"(0.05, 0.06, 0.07, 0.08, 0.09, 0.1, 0.11, 0.12, 0.13, 0.14, 0.15, 0.16, 0.17, 0.18, 0.19, 0.2)","(0.0,)",5,64000
1.0208361,0.1509,0.12959999,90.24415,69.10236,39700,0.75757575,0.0,0.08,0.3135,0.3346,5.0,0.01,50,200,0.9,0.3,36000,fashion,SHEL,"(0.05, 0.06, 0.07, 0.08, 0.09, 0.1, 0.11, 0.12, 0.13, 0.14, 0.15, 0.16, 0.17, 0.18, 0.19, 0.2)","(0.0,)",5,64000
1.0380975,0.14950001,0.13089997,78.91739,58.14805,79400,0.7732849,0.0,0.08,0.32025,0.3283,5.0,0.01,100,200,0.9,0.3,36000,fashion,SHEL,"(0.05, 0.06, 0.07, 0.08, 0.09, 0.1, 0.11, 0.12, 0.13, 0.14, 0.15, 0.16, 0.17, 0.18, 0.19, 0.2)","(0.0,)",5,64000
1.0653853,0.1494,0.13196665,61.126347,44.842964,158800,0.8017177,0.0,0.07,0.334875,0.3486,5.0,0.01,200,200,0.9,0.3,36000,fashion,SHEL,"(0.05, 0.06, 0.07, 0.08, 0.09, 0.1, 0.11, 0.12, 0.13, 0.14, 0.15, 0.16, 0.17, 0.18, 0.19, 0.2)","(0.0,)",5,64000
1.1141454,0.15130001,0.1315,48.648155,33.956882,317600,0.86936575,0.0,0.06,0.354875,0.36839998,5.0,0.01,400,200,0.9,0.3,36000,fashion,SHEL,"(0.05, 0.06, 0.07, 0.08, 0.09, 0.1, 0.11, 0.12, 0.13, 0.14, 0.15, 0.16, 0.17, 0.18, 0.19, 0.2)","(0.0,)",5,64000
1.1725383,0.15250003,0.1324333,35.429462,25.644184,635200,0.94602424,0.0,0.05,0.38733333,0.39499998,5.0,0.01,800,200,0.9,0.3,36000,fashion,SHEL,"(0.05, 0.06, 0.07, 0.08, 0.09, 0.1, 0.11, 0.12, 0.13, 0.14, 0.15, 0.16, 0.17, 0.18, 0.19, 0.2)","(0.0,)",5,64000
1.2978919,0.15430003,0.13571668,39.38152,26.387016,1270400,1.1038011,0.0,0.05,0.44054165,0.4447,5.0,0.01,1600,200,0.9,0.3,36000,fashion,SHEL,"(0.05, 0.06, 0.07, 0.08, 0.09, 0.1, 0.11, 0.12, 0.13, 0.14, 0.15, 0.16, 0.17, 0.18, 0.19, 0.2)","(0.0,)",5,64000
1.022606,0.15280002,0.1297,84.02107,67.86449,39700,0.762452,0.0,0.08,0.31966665,0.3293,5.0,0.003,50,200,0.9,0.3,36000,fashion,SHEL,"(0.05, 0.06, 0.07, 0.08, 0.09, 0.1, 0.11, 0.12, 0.13, 0.14, 0.15, 0.16, 0.17, 0.18, 0.19, 0.2)","(0.0,)",5,64000
1.0444826,0.14829999,0.1306333,75.79879,58.350227,79400,0.7779391,0.0,0.08,0.32991666,0.34,5.0,0.003,100,200,0.9,0.3,36000,fashion,SHEL,"(0.05, 0.06, 0.07, 0.08, 0.09, 0.1, 0.11, 0.12, 0.13, 0.14, 0.15, 0.16, 0.17, 0.18, 0.19, 0.2)","(0.0,)",5,64000
1.0688004,0.1476,0.13153332,57.29025,43.763306,158800,0.8108313,0.0,0.07,0.34375,0.3441,5.0,0.003,200,200,0.9,0.3,36000,fashion,SHEL,"(0.05, 0.06, 0.07, 0.08, 0.09, 0.1, 0.11, 0.12, 0.13, 0.14, 0.15, 0.16, 0.17, 0.18, 0.19, 0.2)","(0.0,)",5,64000
1.1187015,0.15130001,0.13194996,45.169792,32.508644,317600,0.87015444,0.0,0.06,0.36433333,0.3762,5.0,0.003,400,200,0.9,0.3,36000,fashion,SHEL,"(0.05, 0.06, 0.07, 0.08, 0.09, 0.1, 0.11, 0.12, 0.13, 0.14, 0.15, 0.16, 0.17, 0.18, 0.19, 0.2)","(0.0,)",5,64000
1.1839656,0.14960003,0.13158333,33.872807,24.875187,635200,0.9575001,0.0,0.06,0.41054165,0.41959998,5.0,0.003,800,200,0.9,0.3,36000,fashion,SHEL,"(0.05, 0.06, 0.07, 0.08, 0.09, 0.1, 0.11, 0.12, 0.13, 0.14, 0.15, 0.16, 0.17, 0.18, 0.19, 0.2)","(0.0,)",5,64000
1.2740337,0.15100002,0.13286668,20.704702,15.105022,1270400,1.0807865,0.0,0.05,0.47525,0.4822,5.0,0.003,1600,200,0.9,0.3,36000,fashion,SHEL,"(0.05, 0.06, 0.07, 0.08, 0.09, 0.1, 0.11, 0.12, 0.13, 0.14, 0.15, 0.16, 0.17, 0.18, 0.19, 0.2)","(0.0,)",5,64000
1.0169905,0.15460002,0.13041663,79.21833,65.47648,39700,0.76054364,0.0,0.1,0.32645833,0.3383,5.0,0.001,50,200,0.9,0.3,36000,fashion,SHEL,"(0.05, 0.06, 0.07, 0.08, 0.09, 0.1, 0.11, 0.12, 0.13, 0.14, 0.15, 0.16, 0.17, 0.18, 0.19, 0.2)","(0.0,)",5,64000
1.0396833,0.14880002,0.13111663,71.30282,56.033928,79400,0.77588975,0.0,0.08,0.33058333,0.3444,5.0,0.001,100,200,0.9,0.3,36000,fashion,SHEL,"(0.05, 0.06, 0.07, 0.08, 0.09, 0.1, 0.11, 0.12, 0.13, 0.14, 0.15, 0.16, 0.17, 0.18, 0.19, 0.2)","(0.0,)",5,64000
1.0638589,0.14829999,0.13228333,54.16306,42.114967,158800,0.8072434,0.0,0.07,0.34458333,0.3551,5.0,0.001,200,200,0.9,0.3,36000,fashion,SHEL,"(0.05, 0.06, 0.07, 0.08, 0.09, 0.1, 0.11, 0.12, 0.13, 0.14, 0.15, 0.16, 0.17, 0.18, 0.19, 0.2)","(0.0,)",5,64000
1.1118258,0.15220004,0.13296664,41.299347,30.246517,317600,0.86515003,0.0,0.06,0.36979166,0.3682,5.0,0.001,400,200,0.9,0.3,36000,fashion,SHEL,"(0.05, 0.06, 0.07, 0.08, 0.09, 0.1, 0.11, 0.12, 0.13, 0.14, 0.15, 0.16, 0.17, 0.18, 0.19, 0.2)","(0.0,)",5,64000
1.1823461,0.14960003,0.13134998,32.121178,23.798046,635200,0.9592563,0.0,0.06,0.405875,0.4204,5.0,0.001,800,200,0.9,0.3,36000,fashion,SHEL,"(0.05, 0.06, 0.07, 0.08, 0.09, 0.1, 0.11, 0.12, 0.13, 0.14, 0.15, 0.16, 0.17, 0.18, 0.19, 0.2)","(0.0,)",5,64000
1.2783624,0.15070003,0.13121665,20.298338,14.814498,1270400,1.0848272,0.0,0.05,0.47945833,0.48349997,5.0,0.001,1600,200,0.9,0.3,36000,fashion,SHEL,"(0.05, 0.06, 0.07, 0.08, 0.09, 0.1, 0.11, 0.12, 0.13, 0.14, 0.15, 0.16, 0.17, 0.18, 0.19, 0.2)","(0.0,)",5,64000
